[{"model": "recipes.tag", "pk": 1, "fields": {"name": "Завтрак", "slug": "breakfast", "color": "#0000AA"}}, {"model": "recipes.tag", "pk": 2, "fields": {"name": "Обед", "slug": "launch", "color": "#00AA00"}}, {"model": "recipes.tag", "pk": 3, "fields": {"name": "Ужин", "slug": "dinner", "color": "#AA0000"}}, {"model": "recipes.tag", "pk": 4, "fields": {"name": "Десерт", "slug": "dessert", "color": "#BB1100"}}, {"model": "recipes.tag", "pk": 5, "fields": {"name": "Напиток", "slug": "drink", "color": "#112233"}}, {"model": "recipes.measurementunit", "pk": 1, "fields": {"name": "г"}}, {"model": "recipes.measurementunit", "pk": 2, "fields": {"name": "кг"}}, {"model": "recipes.measurementunit", "pk": 3, "fields": {"name": "л"}}, {"model": "recipes.measurementunit", "pk": 4, "fields": {"name": "мл"}}, {"model": "recipes.measurementunit", "pk": 5, "fields": {"name": "шт"}}, {"model": "recipes.measurementunit", "pk": 6, "fields": {"name": "ст.л"}}, {"model": "recipes.measurementunit", "pk": 7, "fields": {"name": "щепотка"}}, {"model": "recipes.ingredient", "pk": 1, "fields": {"name": "Вода", "measurement_unit": 4}}, {"model": "recipes.ingredient", "pk": 2, "fields": {"name": "Соль", "measurement_unit": 1}}, {"model": "recipes.ingredient", "pk": 3, "fields": {"name": "Мука", "measurement_unit": 1}}, {"model": "recipes.ingredient", "pk": 4, "fields": {"name": "Сахар", "measurement_unit": 1}}, {"model": "recipes.ingredient", "pk": 5, "fields": {"name": "Молоко", "measurement_unit": 4}}, {"model": "recipes.ingredient", "pk": 6, "fields": {"name": "Яйца", "measurement_unit": 5}}, {"model": "recipes.ingredient", "pk": 7, "fields": {"name": "Перец", "measurement_unit": 7}}, {"model": "recipes.ingredient", "pk": 8, "fields": {"name": "Мед", "measurement_unit": 6}}, {"model": "recipes.recipe", "pk": 1, "fields": {"name": "Мороженое", "author": 3, "cooking_time": 120, "image": "recipe_images/food_3.png", "text": "Перемешать и заморозить", "pub_date": "2024-02-04T12:44:18.934Z", "portions": 5}}, {"model": "recipes.recipe", "pk": 2, "fields": {"name": "Блины", "author": 3, "cooking_time": 40, "image": "recipe_images/food_1.png", "text": "Все смешать и испечь", "pub_date": "2024-02-04T12:45:18.392Z", "portions": 10}}, {"model": "recipes.recipe", "pk": 3, "fields": {"name": "Омлет", "author": 2, "cooking_time": 10, "image": "recipe_images/temp.png", "text": "Взболтать и пожарить", "pub_date": "2024-02-04T12:46:03.277Z", "portions": 1}}, {"model": "recipes.recipeingredient", "pk": 1, "fields": {"ingredient": 5, "recipe": 1, "amount": 800.0, "measurement_unit": 4}}, {"model": "recipes.recipeingredient", "pk": 2, "fields": {"ingredient": 4, "recipe": 1, "amount": 200.0, "measurement_unit": 1}}, {"model": "recipes.recipeingredient", "pk": 3, "fields": {"ingredient": 1, "recipe": 2, "amount": 300.0, "measurement_unit": 4}}, {"model": "recipes.recipeingredient", "pk": 4, "fields": {"ingredient": 3, "recipe": 2, "amount": 250.0, "measurement_unit": 1}}, {"model": "recipes.recipeingredient", "pk": 5, "fields": {"ingredient": 6, "recipe": 2, "amount": 2.0, "measurement_unit": 5}}, {"model": "recipes.recipeingredient", "pk": 6, "fields": {"ingredient": 6, "recipe": 3, "amount": 4.0, "measurement_unit": null}}, {"model": "recipes.recipeingredient", "pk": 7, "fields": {"ingredient": 2, "recipe": 3, "amount": 3.0, "measurement_unit": null}}, {"model": "recipes.recipetag", "pk": 1, "fields": {"recipe": 1, "tag": 4}}, {"model": "recipes.recipetag", "pk": 2, "fields": {"recipe": 2, "tag": 1}}, {"model": "recipes.recipetag", "pk": 3, "fields": {"recipe": 3, "tag": 1}}, {"model": "recipes.favorites", "pk": 1, "fields": {"recipe": 2, "user": 2, "created_at": "2024-02-04T12:46:15.314Z"}}, {"model": "recipes.favorites", "pk": 2, "fields": {"recipe": 3, "user": 2, "created_at": "2024-02-04T12:46:27.570Z"}}, {"model": "recipes.shoppingcart", "pk": 1, "fields": {"user": 2, "recipe": 1}}, {"model": "recipes.shoppingcart", "pk": 2, "fields": {"user": 2, "recipe": 3}}, {"model": "users.user", "pk": 1, "fields": {"password": "pbkdf2_sha256$260000$eYkAofHcakkv68bZkvrZJ6$EajqSEroOCPVxBsOIaPmf7Dm0VJHh/Ivdh5AOqFzIOE=", "last_login": "2024-02-04T12:38:51.185Z", "is_superuser": true, "is_staff": true, "is_active": true, "date_joined": "2024-02-04T12:37:53.362Z", "username": "root", "email": "root@mail.fake", "first_name": "Root", "last_name": "First", "groups": [], "user_permissions": []}}, {"model": "users.user", "pk": 2, "fields": {"password": "pbkdf2_sha256$260000$Nxirn68aD8YX1zQkNFoyTp$XwIxxZPLVFc+rAfvkHkxeL6oMbEFca+c/OqZgk4F7/E=", "last_login": null, "is_superuser": false, "is_staff": false, "is_active": true, "date_joined": "2024-02-04T12:38:33.230Z", "username": "dina", "email": "dina@mail.fake", "first_name": "Dina", "last_name": "Raskin", "groups": [], "user_permissions": []}}, {"model": "users.user", "pk": 3, "fields": {"password": "pbkdf2_sha256$260000$nLl2TbKN8dwxHxoLiN41HS$H7aUsnT7SkLozKUmcivbAp5+jjLErgqZkLxF4g/xduQ=", "last_login": null, "is_superuser": false, "is_staff": false, "is_active": true, "date_joined": "2024-02-04T12:39:33Z", "username": "vasya", "email": "vasya@mail.fake", "first_name": "Vasya", "last_name": "Ivanov", "groups": [], "user_permissions": []}}, {"model": "users.subscription", "pk": 1, "fields": {"follower": 2, "following": 3}}, {"model": "admin.logentry", "pk": 1, "fields": {"action_time": "2024-02-04T12:39:34.006Z", "user": 1, "content_type": 9, "object_id": "3", "object_repr": "vasya", "action_flag": 1, "change_message": "[{\"added\": {}}]"}}, {"model": "admin.logentry", "pk": 2, "fields": {"action_time": "2024-02-04T12:39:43.748Z", "user": 1, "content_type": 9, "object_id": "3", "object_repr": "vasya", "action_flag": 2, "change_message": "[{\"changed\": {\"fields\": [\"First name\", \"Last name\", \"Email\"]}}]"}}, {"model": "admin.logentry", "pk": 3, "fields": {"action_time": "2024-02-04T12:39:51.399Z", "user": 1, "content_type": 2, "object_id": "1", "object_repr": "г", "action_flag": 1, "change_message": "[{\"added\": {}}]"}}, {"model": "admin.logentry", "pk": 4, "fields": {"action_time": "2024-02-04T12:39:58.836Z", "user": 1, "content_type": 2, "object_id": "2", "object_repr": "кг", "action_flag": 1, "change_message": "[{\"added\": {}}]"}}, {"model": "admin.logentry", "pk": 5, "fields": {"action_time": "2024-02-04T12:40:01.172Z", "user": 1, "content_type": 2, "object_id": "3", "object_repr": "л", "action_flag": 1, "change_message": "[{\"added\": {}}]"}}, {"model": "admin.logentry", "pk": 6, "fields": {"action_time": "2024-02-04T12:40:04.171Z", "user": 1, "content_type": 2, "object_id": "4", "object_repr": "мл", "action_flag": 1, "change_message": "[{\"added\": {}}]"}}, {"model": "admin.logentry", "pk": 7, "fields": {"action_time": "2024-02-04T12:40:06.845Z", "user": 1, "content_type": 2, "object_id": "5", "object_repr": "шт", "action_flag": 1, "change_message": "[{\"added\": {}}]"}}, {"model": "admin.logentry", "pk": 8, "fields": {"action_time": "2024-02-04T12:40:14.226Z", "user": 1, "content_type": 2, "object_id": "6", "object_repr": "ст.л", "action_flag": 1, "change_message": "[{\"added\": {}}]"}}, {"model": "admin.logentry", "pk": 9, "fields": {"action_time": "2024-02-04T12:40:28.077Z", "user": 1, "content_type": 2, "object_id": "7", "object_repr": "щепотка", "action_flag": 1, "change_message": "[{\"added\": {}}]"}}, {"model": "admin.logentry", "pk": 10, "fields": {"action_time": "2024-02-04T12:40:37.504Z", "user": 1, "content_type": 1, "object_id": "1", "object_repr": "Вода", "action_flag": 1, "change_message": "[{\"added\": {}}]"}}, {"model": "admin.logentry", "pk": 11, "fields": {"action_time": "2024-02-04T12:40:42.264Z", "user": 1, "content_type": 1, "object_id": "2", "object_repr": "Соль", "action_flag": 1, "change_message": "[{\"added\": {}}]"}}, {"model": "admin.logentry", "pk": 12, "fields": {"action_time": "2024-02-04T12:40:47.679Z", "user": 1, "content_type": 1, "object_id": "3", "object_repr": "Мука", "action_flag": 1, "change_message": "[{\"added\": {}}]"}}, {"model": "admin.logentry", "pk": 13, "fields": {"action_time": "2024-02-04T12:40:52.997Z", "user": 1, "content_type": 1, "object_id": "4", "object_repr": "Сахар", "action_flag": 1, "change_message": "[{\"added\": {}}]"}}, {"model": "admin.logentry", "pk": 14, "fields": {"action_time": "2024-02-04T12:40:59.685Z", "user": 1, "content_type": 1, "object_id": "5", "object_repr": "Молоко", "action_flag": 1, "change_message": "[{\"added\": {}}]"}}, {"model": "admin.logentry", "pk": 15, "fields": {"action_time": "2024-02-04T12:41:09.102Z", "user": 1, "content_type": 1, "object_id": "6", "object_repr": "Яйца", "action_flag": 1, "change_message": "[{\"added\": {}}]"}}, {"model": "admin.logentry", "pk": 16, "fields": {"action_time": "2024-02-04T12:41:14.736Z", "user": 1, "content_type": 1, "object_id": "7", "object_repr": "Перец", "action_flag": 1, "change_message": "[{\"added\": {}}]"}}, {"model": "admin.logentry", "pk": 17, "fields": {"action_time": "2024-02-04T12:41:21.531Z", "user": 1, "content_type": 1, "object_id": "8", "object_repr": "Мед", "action_flag": 1, "change_message": "[{\"added\": {}}]"}}, {"model": "admin.logentry", "pk": 18, "fields": {"action_time": "2024-02-04T12:42:29.235Z", "user": 1, "content_type": 4, "object_id": "1", "object_repr": "Завтрак", "action_flag": 1, "change_message": "[{\"added\": {}}]"}}, {"model": "admin.logentry", "pk": 19, "fields": {"action_time": "2024-02-04T12:42:41.756Z", "user": 1, "content_type": 4, "object_id": "2", "object_repr": "Обед", "action_flag": 1, "change_message": "[{\"added\": {}}]"}}, {"model": "admin.logentry", "pk": 20, "fields": {"action_time": "2024-02-04T12:42:53.861Z", "user": 1, "content_type": 4, "object_id": "3", "object_repr": "Ужин", "action_flag": 1, "change_message": "[{\"added\": {}}]"}}, {"model": "admin.logentry", "pk": 21, "fields": {"action_time": "2024-02-04T12:43:08.235Z", "user": 1, "content_type": 4, "object_id": "4", "object_repr": "Десерт", "action_flag": 1, "change_message": "[{\"added\": {}}]"}}, {"model": "admin.logentry", "pk": 22, "fields": {"action_time": "2024-02-04T12:43:21.116Z", "user": 1, "content_type": 4, "object_id": "5", "object_repr": "Напиток", "action_flag": 1, "change_message": "[{\"added\": {}}]"}}, {"model": "admin.logentry", "pk": 23, "fields": {"action_time": "2024-02-04T12:44:18.941Z", "user": 1, "content_type": 3, "object_id": "1", "object_repr": "Мороженое", "action_flag": 1, "change_message": "[{\"added\": {}}, {\"added\": {\"name\": \"recipe ingredient\", \"object\": \"\\u041c\\u043e\\u0440\\u043e\\u0436\\u0435\\u043d\\u043e\\u0435 \\u041c\\u043e\\u043b\\u043e\\u043a\\u043e\"}}, {\"added\": {\"name\": \"recipe ingredient\", \"object\": \"\\u041c\\u043e\\u0440\\u043e\\u0436\\u0435\\u043d\\u043e\\u0435 \\u0421\\u0430\\u0445\\u0430\\u0440\"}}, {\"added\": {\"name\": \"recipe tag\", \"object\": \"\\u041c\\u043e\\u0440\\u043e\\u0436\\u0435\\u043d\\u043e\\u0435 \\u0414\\u0435\\u0441\\u0435\\u0440\\u0442\"}}]"}}, {"model": "admin.logentry", "pk": 24, "fields": {"action_time": "2024-02-04T12:45:18.395Z", "user": 1, "content_type": 3, "object_id": "2", "object_repr": "Блины", "action_flag": 1, "change_message": "[{\"added\": {}}, {\"added\": {\"name\": \"recipe ingredient\", \"object\": \"\\u0411\\u043b\\u0438\\u043d\\u044b \\u0412\\u043e\\u0434\\u0430\"}}, {\"added\": {\"name\": \"recipe ingredient\", \"object\": \"\\u0411\\u043b\\u0438\\u043d\\u044b \\u041c\\u0443\\u043a\\u0430\"}}, {\"added\": {\"name\": \"recipe ingredient\", \"object\": \"\\u0411\\u043b\\u0438\\u043d\\u044b \\u042f\\u0439\\u0446\\u0430\"}}, {\"added\": {\"name\": \"recipe tag\", \"object\": \"\\u0411\\u043b\\u0438\\u043d\\u044b \\u0417\\u0430\\u0432\\u0442\\u0440\\u0430\\u043a\"}}]"}}, {"model": "auth.permission", "pk": 1, "fields": {"name": "Can add ('ингредиент',)", "content_type": 1, "codename": "add_ingredient"}}, {"model": "auth.permission", "pk": 2, "fields": {"name": "Can change ('ингредиент',)", "content_type": 1, "codename": "change_ingredient"}}, {"model": "auth.permission", "pk": 3, "fields": {"name": "Can delete ('ингредиент',)", "content_type": 1, "codename": "delete_ingredient"}}, {"model": "auth.permission", "pk": 4, "fields": {"name": "Can view ('ингредиент',)", "content_type": 1, "codename": "view_ingredient"}}, {"model": "auth.permission", "pk": 5, "fields": {"name": "Can add ('ед. измерения',)", "content_type": 2, "codename": "add_measurementunit"}}, {"model": "auth.permission", "pk": 6, "fields": {"name": "Can change ('ед. измерения',)", "content_type": 2, "codename": "change_measurementunit"}}, {"model": "auth.permission", "pk": 7, "fields": {"name": "Can delete ('ед. измерения',)", "content_type": 2, "codename": "delete_measurementunit"}}, {"model": "auth.permission", "pk": 8, "fields": {"name": "Can view ('ед. измерения',)", "content_type": 2, "codename": "view_measurementunit"}}, {"model": "auth.permission", "pk": 9, "fields": {"name": "Can add ('рецепт',)", "content_type": 3, "codename": "add_recipe"}}, {"model": "auth.permission", "pk": 10, "fields": {"name": "Can change ('рецепт',)", "content_type": 3, "codename": "change_recipe"}}, {"model": "auth.permission", "pk": 11, "fields": {"name": "Can delete ('рецепт',)", "content_type": 3, "codename": "delete_recipe"}}, {"model": "auth.permission", "pk": 12, "fields": {"name": "Can view ('рецепт',)", "content_type": 3, "codename": "view_recipe"}}, {"model": "auth.permission", "pk": 13, "fields": {"name": "Can add тег", "content_type": 4, "codename": "add_tag"}}, {"model": "auth.permission", "pk": 14, "fields": {"name": "Can change тег", "content_type": 4, "codename": "change_tag"}}, {"model": "auth.permission", "pk": 15, "fields": {"name": "Can delete тег", "content_type": 4, "codename": "delete_tag"}}, {"model": "auth.permission", "pk": 16, "fields": {"name": "Can view тег", "content_type": 4, "codename": "view_tag"}}, {"model": "auth.permission", "pk": 17, "fields": {"name": "Can add recipe tag", "content_type": 5, "codename": "add_recipetag"}}, {"model": "auth.permission", "pk": 18, "fields": {"name": "Can change recipe tag", "content_type": 5, "codename": "change_recipetag"}}, {"model": "auth.permission", "pk": 19, "fields": {"name": "Can delete recipe tag", "content_type": 5, "codename": "delete_recipetag"}}, {"model": "auth.permission", "pk": 20, "fields": {"name": "Can view recipe tag", "content_type": 5, "codename": "view_recipetag"}}, {"model": "auth.permission", "pk": 21, "fields": {"name": "Can add recipe ingredient", "content_type": 6, "codename": "add_recipeingredient"}}, {"model": "auth.permission", "pk": 22, "fields": {"name": "Can change recipe ingredient", "content_type": 6, "codename": "change_recipeingredient"}}, {"model": "auth.permission", "pk": 23, "fields": {"name": "Can delete recipe ingredient", "content_type": 6, "codename": "delete_recipeingredient"}}, {"model": "auth.permission", "pk": 24, "fields": {"name": "Can view recipe ingredient", "content_type": 6, "codename": "view_recipeingredient"}}, {"model": "auth.permission", "pk": 25, "fields": {"name": "Can add ('избранное',)", "content_type": 7, "codename": "add_favorites"}}, {"model": "auth.permission", "pk": 26, "fields": {"name": "Can change ('избранное',)", "content_type": 7, "codename": "change_favorites"}}, {"model": "auth.permission", "pk": 27, "fields": {"name": "Can delete ('избранное',)", "content_type": 7, "codename": "delete_favorites"}}, {"model": "auth.permission", "pk": 28, "fields": {"name": "Can view ('избранное',)", "content_type": 7, "codename": "view_favorites"}}, {"model": "auth.permission", "pk": 29, "fields": {"name": "Can add ('список покупок',)", "content_type": 8, "codename": "add_shoppingcart"}}, {"model": "auth.permission", "pk": 30, "fields": {"name": "Can change ('список покупок',)", "content_type": 8, "codename": "change_shoppingcart"}}, {"model": "auth.permission", "pk": 31, "fields": {"name": "Can delete ('список покупок',)", "content_type": 8, "codename": "delete_shoppingcart"}}, {"model": "auth.permission", "pk": 32, "fields": {"name": "Can view ('список покупок',)", "content_type": 8, "codename": "view_shoppingcart"}}, {"model": "auth.permission", "pk": 33, "fields": {"name": "Can add пользователь", "content_type": 9, "codename": "add_user"}}, {"model": "auth.permission", "pk": 34, "fields": {"name": "Can change пользователь", "content_type": 9, "codename": "change_user"}}, {"model": "auth.permission", "pk": 35, "fields": {"name": "Can delete пользователь", "content_type": 9, "codename": "delete_user"}}, {"model": "auth.permission", "pk": 36, "fields": {"name": "Can view пользователь", "content_type": 9, "codename": "view_user"}}, {"model": "auth.permission", "pk": 37, "fields": {"name": "Can add подписка", "content_type": 10, "codename": "add_subscription"}}, {"model": "auth.permission", "pk": 38, "fields": {"name": "Can change подписка", "content_type": 10, "codename": "change_subscription"}}, {"model": "auth.permission", "pk": 39, "fields": {"name": "Can delete подписка", "content_type": 10, "codename": "delete_subscription"}}, {"model": "auth.permission", "pk": 40, "fields": {"name": "Can view подписка", "content_type": 10, "codename": "view_subscription"}}, {"model": "auth.permission", "pk": 41, "fields": {"name": "Can add log entry", "content_type": 11, "codename": "add_logentry"}}, {"model": "auth.permission", "pk": 42, "fields": {"name": "Can change log entry", "content_type": 11, "codename": "change_logentry"}}, {"model": "auth.permission", "pk": 43, "fields": {"name": "Can delete log entry", "content_type": 11, "codename": "delete_logentry"}}, {"model": "auth.permission", "pk": 44, "fields": {"name": "Can view log entry", "content_type": 11, "codename": "view_logentry"}}, {"model": "auth.permission", "pk": 45, "fields": {"name": "Can add permission", "content_type": 12, "codename": "add_permission"}}, {"model": "auth.permission", "pk": 46, "fields": {"name": "Can change permission", "content_type": 12, "codename": "change_permission"}}, {"model": "auth.permission", "pk": 47, "fields": {"name": "Can delete permission", "content_type": 12, "codename": "delete_permission"}}, {"model": "auth.permission", "pk": 48, "fields": {"name": "Can view permission", "content_type": 12, "codename": "view_permission"}}, {"model": "auth.permission", "pk": 49, "fields": {"name": "Can add group", "content_type": 13, "codename": "add_group"}}, {"model": "auth.permission", "pk": 50, "fields": {"name": "Can change group", "content_type": 13, "codename": "change_group"}}, {"model": "auth.permission", "pk": 51, "fields": {"name": "Can delete group", "content_type": 13, "codename": "delete_group"}}, {"model": "auth.permission", "pk": 52, "fields": {"name": "Can view group", "content_type": 13, "codename": "view_group"}}, {"model": "auth.permission", "pk": 53, "fields": {"name": "Can add content type", "content_type": 14, "codename": "add_contenttype"}}, {"model": "auth.permission", "pk": 54, "fields": {"name": "Can change content type", "content_type": 14, "codename": "change_contenttype"}}, {"model": "auth.permission", "pk": 55, "fields": {"name": "Can delete content type", "content_type": 14, "codename": "delete_contenttype"}}, {"model": "auth.permission", "pk": 56, "fields": {"name": "Can view content type", "content_type": 14, "codename": "view_contenttype"}}, {"model": "auth.permission", "pk": 57, "fields": {"name": "Can add session", "content_type": 15, "codename": "add_session"}}, {"model": "auth.permission", "pk": 58, "fields": {"name": "Can change session", "content_type": 15, "codename": "change_session"}}, {"model": "auth.permission", "pk": 59, "fields": {"name": "Can delete session", "content_type": 15, "codename": "delete_session"}}, {"model": "auth.permission", "pk": 60, "fields": {"name": "Can view session", "content_type": 15, "codename": "view_session"}}, {"model": "auth.permission", "pk": 61, "fields": {"name": "Can add Token", "content_type": 16, "codename": "add_token"}}, {"model": "auth.permission", "pk": 62, "fields": {"name": "Can change Token", "content_type": 16, "codename": "change_token"}}, {"model": "auth.permission", "pk": 63, "fields": {"name": "Can delete Token", "content_type": 16, "codename": "delete_token"}}, {"model": "auth.permission", "pk": 64, "fields": {"name": "Can view Token", "content_type": 16, "codename": "view_token"}}, {"model": "auth.permission", "pk": 65, "fields": {"name": "Can add token", "content_type": 17, "codename": "add_tokenproxy"}}, {"model": "auth.permission", "pk": 66, "fields": {"name": "Can change token", "content_type": 17, "codename": "change_tokenproxy"}}, {"model": "auth.permission", "pk": 67, "fields": {"name": "Can delete token", "content_type": 17, "codename": "delete_tokenproxy"}}, {"model": "auth.permission", "pk": 68, "fields": {"name": "Can view token", "content_type": 17, "codename": "view_tokenproxy"}}, {"model": "contenttypes.contenttype", "pk": 1, "fields": {"app_label": "recipes", "model": "ingredient"}}, {"model": "contenttypes.contenttype", "pk": 2, "fields": {"app_label": "recipes", "model": "measurementunit"}}, {"model": "contenttypes.contenttype", "pk": 3, "fields": {"app_label": "recipes", "model": "recipe"}}, {"model": "contenttypes.contenttype", "pk": 4, "fields": {"app_label": "recipes", "model": "tag"}}, {"model": "contenttypes.contenttype", "pk": 5, "fields": {"app_label": "recipes", "model": "recipetag"}}, {"model": "contenttypes.contenttype", "pk": 6, "fields": {"app_label": "recipes", "model": "recipeingredient"}}, {"model": "contenttypes.contenttype", "pk": 7, "fields": {"app_label": "recipes", "model": "favorites"}}, {"model": "contenttypes.contenttype", "pk": 8, "fields": {"app_label": "recipes", "model": "shoppingcart"}}, {"model": "contenttypes.contenttype", "pk": 9, "fields": {"app_label": "users", "model": "user"}}, {"model": "contenttypes.contenttype", "pk": 10, "fields": {"app_label": "users", "model": "subscription"}}, {"model": "contenttypes.contenttype", "pk": 11, "fields": {"app_label": "admin", "model": "logentry"}}, {"model": "contenttypes.contenttype", "pk": 12, "fields": {"app_label": "auth", "model": "permission"}}, {"model": "contenttypes.contenttype", "pk": 13, "fields": {"app_label": "auth", "model": "group"}}, {"model": "contenttypes.contenttype", "pk": 14, "fields": {"app_label": "contenttypes", "model": "contenttype"}}, {"model": "contenttypes.contenttype", "pk": 15, "fields": {"app_label": "sessions", "model": "session"}}, {"model": "contenttypes.contenttype", "pk": 16, "fields": {"app_label": "authtoken", "model": "token"}}, {"model": "contenttypes.contenttype", "pk": 17, "fields": {"app_label": "authtoken", "model": "tokenproxy"}}, {"model": "sessions.session", "pk": "6zeybpja00iggkxs5r23yjziaitxv9hd", "fields": {"session_data": ".eJxVjMEOwiAQRP-FsyHKsgU8eu83kGXZStXQpLQn47_bJj1o5jbvzbxVpHUpcW0yxzGrq7qo02-XiJ9Sd5AfVO-T5qku85j0ruiDNt1PWV63w_07KNTKtjYusQHDTjAIgE1dAPSZAzkRgcFByODOZJ1NyN5sAUQerGeDHSX1-QLYzzeL:1rWblr:QEeKLZ32y2A__4poV7zYTSyFEQlyFfULe3y_3uht18o", "expire_date": "2024-02-18T12:38:51.189Z"}}, {"model": "authtoken.token", "pk": "fc6bf139581f55fcd4ee2a0af11f3033c0531aa0", "fields": {"user": 2, "created": "2024-02-04T12:38:36.867Z"}}]