[
    {
        "model": "recipes.tag",
        "pk": 1,
        "fields": {
            "name": "Завтрак",
            "slug": "breakfast",
            "color": "#112233"
        }
    },
    {
        "model": "recipes.tag",
        "pk": 2,
        "fields": {
            "name": "Обед",
            "slug": "launch",
            "color": "#AAAAAA"
        }
    },
    {
        "model": "recipes.tag",
        "pk": 3,
        "fields": {
            "name": "Веган",
            "slug": "vegan",
            "color": "#BBBBBB"
        }
    },
    {
        "model": "recipes.tag",
        "pk": 4,
        "fields": {
            "name": "Ужин",
            "slug": "dinner",
            "color": "#123456"
        }
    },
    {
        "model": "recipes.measurementunit",
        "pk": 1,
        "fields": {
            "name": "мл"
        }
    },
    {
        "model": "recipes.measurementunit",
        "pk": 2,
        "fields": {
            "name": "кг"
        }
    },
    {
        "model": "recipes.measurementunit",
        "pk": 3,
        "fields": {
            "name": "г"
        }
    },
    {
        "model": "recipes.measurementunit",
        "pk": 4,
        "fields": {
            "name": "шт"
        }
    },
    {
        "model": "recipes.measurementunit",
        "pk": 5,
        "fields": {
            "name": "л"
        }
    },
    {
        "model": "recipes.measurementunit",
        "pk": 6,
        "fields": {
            "name": "пучок"
        }
    },
    {
        "model": "recipes.measurementunit",
        "pk": 7,
        "fields": {
            "name": "шт."
        }
    },
    {
        "model": "recipes.measurementunit",
        "pk": 8,
        "fields": {
            "name": "по вкусу"
        }
    },
    {
        "model": "recipes.measurementunit",
        "pk": 9,
        "fields": {
            "name": "ч. л."
        }
    },
    {
        "model": "recipes.measurementunit",
        "pk": 10,
        "fields": {
            "name": "ст. л."
        }
    },
    {
        "model": "recipes.measurementunit",
        "pk": 11,
        "fields": {
            "name": "стакан"
        }
    },
    {
        "model": "recipes.measurementunit",
        "pk": 12,
        "fields": {
            "name": "упаковка"
        }
    },
    {
        "model": "recipes.measurementunit",
        "pk": 13,
        "fields": {
            "name": "капля"
        }
    },
    {
        "model": "recipes.ingredient",
        "pk": 1,
        "fields": {
            "name": "Вода",
            "measurement_unit": 1
        }
    },
    {
        "model": "recipes.ingredient",
        "pk": 2,
        "fields": {
            "name": "Соль",
            "measurement_unit": 3
        }
    },
    {
        "model": "recipes.ingredient",
        "pk": 3,
        "fields": {
            "name": "Мука",
            "measurement_unit": 3
        }
    },
    {
        "model": "recipes.ingredient",
        "pk": 4,
        "fields": {
            "name": "Сахар",
            "measurement_unit": 3
        }
    },
    {
        "model": "recipes.ingredient",
        "pk": 5,
        "fields": {
            "name": "Яйцо",
            "measurement_unit": 4
        }
    },
    {
        "model": "recipes.ingredient",
        "pk": 6,
        "fields": {
            "name": "Чили",
            "measurement_unit": 4
        }
    },
    {
        "model": "recipes.ingredient",
        "pk": 7,
        "fields": {
            "name": "свинина с жирком",
            "measurement_unit": 3
        }
    },
    {
        "model": "recipes.ingredient",
        "pk": 8,
        "fields": {
            "name": "свиное сердце",
            "measurement_unit": 3
        }
    },
    {
        "model": "recipes.ingredient",
        "pk": 9,
        "fields": {
            "name": "свиное филе",
            "measurement_unit": 3
        }
    },
    {
        "model": "recipes.ingredient",
        "pk": 10,
        "fields": {
            "name": "свиной подчеревок",
            "measurement_unit": 3
        }
    },
    {
        "model": "recipes.ingredient",
        "pk": 11,
        "fields": {
            "name": "свиной фарш",
            "measurement_unit": 3
        }
    },
    {
        "model": "recipes.ingredient",
        "pk": 12,
        "fields": {
            "name": "свиной язык",
            "measurement_unit": 3
        }
    },
    {
        "model": "recipes.ingredient",
        "pk": 13,
        "fields": {
            "name": "свиные котлеты на косточке",
            "measurement_unit": 7
        }
    },
    {
        "model": "recipes.ingredient",
        "pk": 14,
        "fields": {
            "name": "свиные легкие",
            "measurement_unit": 3
        }
    },
    {
        "model": "recipes.ingredient",
        "pk": 15,
        "fields": {
            "name": "свиные ножки",
            "measurement_unit": 3
        }
    },
    {
        "model": "recipes.ingredient",
        "pk": 16,
        "fields": {
            "name": "свиные отбивные",
            "measurement_unit": 3
        }
    },
    {
        "model": "recipes.ingredient",
        "pk": 17,
        "fields": {
            "name": "свиные отбивные на косточке",
            "measurement_unit": 3
        }
    },
    {
        "model": "recipes.ingredient",
        "pk": 18,
        "fields": {
            "name": "свиные ребра",
            "measurement_unit": 3
        }
    },
    {
        "model": "recipes.ingredient",
        "pk": 19,
        "fields": {
            "name": "свиные уши",
            "measurement_unit": 7
        }
    },
    {
        "model": "recipes.ingredient",
        "pk": 20,
        "fields": {
            "name": "свиные щечки",
            "measurement_unit": 7
        }
    },
    {
        "model": "recipes.ingredient",
        "pk": 21,
        "fields": {
            "name": "свити",
            "measurement_unit": 3
        }
    },
    {
        "model": "recipes.ingredient",
        "pk": 22,
        "fields": {
            "name": "сельдерей",
            "measurement_unit": 3
        }
    },
    {
        "model": "recipes.ingredient",
        "pk": 23,
        "fields": {
            "name": "сельдерей зелень",
            "measurement_unit": 3
        }
    },
    {
        "model": "recipes.ingredient",
        "pk": 24,
        "fields": {
            "name": "сельдерей корень",
            "measurement_unit": 3
        }
    },
    {
        "model": "recipes.ingredient",
        "pk": 25,
        "fields": {
            "name": "сельдерей корень сушеный",
            "measurement_unit": 8
        }
    },
    {
        "model": "recipes.ingredient",
        "pk": 26,
        "fields": {
            "name": "сельдерейная соль",
            "measurement_unit": 3
        }
    },
    {
        "model": "recipes.ingredient",
        "pk": 27,
        "fields": {
            "name": "сельдерей семена",
            "measurement_unit": 9
        }
    },
    {
        "model": "recipes.ingredient",
        "pk": 28,
        "fields": {
            "name": "сельдерей стебли",
            "measurement_unit": 3
        }
    },
    {
        "model": "recipes.ingredient",
        "pk": 29,
        "fields": {
            "name": "сельдь",
            "measurement_unit": 3
        }
    },
    {
        "model": "recipes.ingredient",
        "pk": 30,
        "fields": {
            "name": "сельдь слабосоленая",
            "measurement_unit": 3
        }
    },
    {
        "model": "recipes.ingredient",
        "pk": 31,
        "fields": {
            "name": "сельдь соленая",
            "measurement_unit": 7
        }
    },
    {
        "model": "recipes.ingredient",
        "pk": 32,
        "fields": {
            "name": "сельдь филе",
            "measurement_unit": 3
        }
    },
    {
        "model": "recipes.ingredient",
        "pk": 33,
        "fields": {
            "name": "семга",
            "measurement_unit": 3
        }
    },
    {
        "model": "recipes.ingredient",
        "pk": 34,
        "fields": {
            "name": "семга копченая",
            "measurement_unit": 3
        }
    },
    {
        "model": "recipes.ingredient",
        "pk": 35,
        "fields": {
            "name": "семга свежая",
            "measurement_unit": 3
        }
    },
    {
        "model": "recipes.ingredient",
        "pk": 36,
        "fields": {
            "name": "семга соленая",
            "measurement_unit": 3
        }
    },
    {
        "model": "recipes.ingredient",
        "pk": 37,
        "fields": {
            "name": "семга филе на коже",
            "measurement_unit": 3
        }
    },
    {
        "model": "recipes.ingredient",
        "pk": 38,
        "fields": {
            "name": "семечки",
            "measurement_unit": 3
        }
    },
    {
        "model": "recipes.ingredient",
        "pk": 39,
        "fields": {
            "name": "семечки смесь",
            "measurement_unit": 10
        }
    },
    {
        "model": "recipes.ingredient",
        "pk": 40,
        "fields": {
            "name": "семолина",
            "measurement_unit": 3
        }
    },
    {
        "model": "recipes.ingredient",
        "pk": 41,
        "fields": {
            "name": "сервелат варено-копченый",
            "measurement_unit": 3
        }
    },
    {
        "model": "recipes.ingredient",
        "pk": 42,
        "fields": {
            "name": "сибас",
            "measurement_unit": 3
        }
    },
    {
        "model": "recipes.ingredient",
        "pk": 43,
        "fields": {
            "name": "сидр",
            "measurement_unit": 3
        }
    },
    {
        "model": "recipes.ingredient",
        "pk": 44,
        "fields": {
            "name": "сироп",
            "measurement_unit": 3
        }
    },
    {
        "model": "recipes.ingredient",
        "pk": 45,
        "fields": {
            "name": "сироп от консервированных груш",
            "measurement_unit": 3
        }
    },
    {
        "model": "recipes.ingredient",
        "pk": 46,
        "fields": {
            "name": "сироп от консервированных персиков",
            "measurement_unit": 10
        }
    },
    {
        "model": "recipes.ingredient",
        "pk": 47,
        "fields": {
            "name": "сироп топинамбура",
            "measurement_unit": 11
        }
    },
    {
        "model": "recipes.ingredient",
        "pk": 48,
        "fields": {
            "name": "скумбрия",
            "measurement_unit": 8
        }
    },
    {
        "model": "recipes.ingredient",
        "pk": 49,
        "fields": {
            "name": "скумбрия свежая",
            "measurement_unit": 3
        }
    },
    {
        "model": "recipes.ingredient",
        "pk": 50,
        "fields": {
            "name": "скумбрия филе",
            "measurement_unit": 3
        }
    },
    {
        "model": "recipes.ingredient",
        "pk": 51,
        "fields": {
            "name": "скумбрия холодного копчения",
            "measurement_unit": 3
        }
    },
    {
        "model": "recipes.ingredient",
        "pk": 52,
        "fields": {
            "name": "сливки",
            "measurement_unit": 12
        }
    },
    {
        "model": "recipes.ingredient",
        "pk": 53,
        "fields": {
            "name": "сливки 10-20%",
            "measurement_unit": 3
        }
    },
    {
        "model": "recipes.ingredient",
        "pk": 54,
        "fields": {
            "name": "сливки 15%",
            "measurement_unit": 3
        }
    },
    {
        "model": "recipes.ingredient",
        "pk": 55,
        "fields": {
            "name": "сливки 20%",
            "measurement_unit": 3
        }
    },
    {
        "model": "recipes.ingredient",
        "pk": 56,
        "fields": {
            "name": "сливки 33-35%",
            "measurement_unit": 3
        }
    },
    {
        "model": "recipes.ingredient",
        "pk": 57,
        "fields": {
            "name": "сливки жирные",
            "measurement_unit": 3
        }
    },
    {
        "model": "recipes.ingredient",
        "pk": 58,
        "fields": {
            "name": "сливки кондитерские",
            "measurement_unit": 3
        }
    },
    {
        "model": "recipes.ingredient",
        "pk": 59,
        "fields": {
            "name": "сливовая паста",
            "measurement_unit": 3
        }
    },
    {
        "model": "recipes.ingredient",
        "pk": 60,
        "fields": {
            "name": "сливовое варенье",
            "measurement_unit": 3
        }
    },
    {
        "model": "recipes.ingredient",
        "pk": 61,
        "fields": {
            "name": "сливовое вино",
            "measurement_unit": 3
        }
    },
    {
        "model": "recipes.ingredient",
        "pk": 62,
        "fields": {
            "name": "сливовый джем",
            "measurement_unit": 3
        }
    },
    {
        "model": "recipes.ingredient",
        "pk": 63,
        "fields": {
            "name": "сливовый ликер",
            "measurement_unit": 10
        }
    },
    {
        "model": "recipes.ingredient",
        "pk": 64,
        "fields": {
            "name": "сливовый соус",
            "measurement_unit": 3
        }
    },
    {
        "model": "recipes.ingredient",
        "pk": 65,
        "fields": {
            "name": "сливочное масло",
            "measurement_unit": 3
        }
    },
    {
        "model": "recipes.ingredient",
        "pk": 66,
        "fields": {
            "name": "сливы",
            "measurement_unit": 2
        }
    },
    {
        "model": "recipes.ingredient",
        "pk": 67,
        "fields": {
            "name": "сливы замороженные",
            "measurement_unit": 3
        }
    },
    {
        "model": "recipes.ingredient",
        "pk": 68,
        "fields": {
            "name": "смалец",
            "measurement_unit": 3
        }
    },
    {
        "model": "recipes.ingredient",
        "pk": 69,
        "fields": {
            "name": "смесь для кекса",
            "measurement_unit": 7
        }
    },
    {
        "model": "recipes.ingredient",
        "pk": 70,
        "fields": {
            "name": "смесь для оладий",
            "measurement_unit": 3
        }
    },
    {
        "model": "recipes.ingredient",
        "pk": 71,
        "fields": {
            "name": "смесь для хлеба 8 злаков",
            "measurement_unit": 3
        }
    },
    {
        "model": "recipes.ingredient",
        "pk": 72,
        "fields": {
            "name": "сметана",
            "measurement_unit": 3
        }
    },
    {
        "model": "recipes.ingredient",
        "pk": 73,
        "fields": {
            "name": "сметана 10%",
            "measurement_unit": 3
        }
    },
    {
        "model": "recipes.ingredient",
        "pk": 74,
        "fields": {
            "name": "сметана 15%",
            "measurement_unit": 9
        }
    },
    {
        "model": "recipes.ingredient",
        "pk": 75,
        "fields": {
            "name": "сметана 18%",
            "measurement_unit": 3
        }
    },
    {
        "model": "recipes.ingredient",
        "pk": 76,
        "fields": {
            "name": "сметана 20%",
            "measurement_unit": 3
        }
    },
    {
        "model": "recipes.ingredient",
        "pk": 77,
        "fields": {
            "name": "сметана 25%",
            "measurement_unit": 3
        }
    },
    {
        "model": "recipes.ingredient",
        "pk": 78,
        "fields": {
            "name": "сметана 30%",
            "measurement_unit": 3
        }
    },
    {
        "model": "recipes.ingredient",
        "pk": 79,
        "fields": {
            "name": "сметана 35%",
            "measurement_unit": 3
        }
    },
    {
        "model": "recipes.ingredient",
        "pk": 80,
        "fields": {
            "name": "сметана жирная",
            "measurement_unit": 3
        }
    },
    {
        "model": "recipes.ingredient",
        "pk": 81,
        "fields": {
            "name": "сметана нежирная",
            "measurement_unit": 3
        }
    },
    {
        "model": "recipes.ingredient",
        "pk": 82,
        "fields": {
            "name": "сметана некислая",
            "measurement_unit": 3
        }
    },
    {
        "model": "recipes.ingredient",
        "pk": 83,
        "fields": {
            "name": "смородина сушеная",
            "measurement_unit": 3
        }
    },
    {
        "model": "recipes.ingredient",
        "pk": 84,
        "fields": {
            "name": "смородиновые листья",
            "measurement_unit": 3
        }
    },
    {
        "model": "recipes.ingredient",
        "pk": 85,
        "fields": {
            "name": "сморчки сухие",
            "measurement_unit": 3
        }
    },
    {
        "model": "recipes.ingredient",
        "pk": 86,
        "fields": {
            "name": "снежок",
            "measurement_unit": 5
        }
    },
    {
        "model": "recipes.ingredient",
        "pk": 87,
        "fields": {
            "name": "сныть",
            "measurement_unit": 3
        }
    },
    {
        "model": "recipes.ingredient",
        "pk": 88,
        "fields": {
            "name": "сода",
            "measurement_unit": 3
        }
    },
    {
        "model": "recipes.ingredient",
        "pk": 89,
        "fields": {
            "name": "соевая мука",
            "measurement_unit": 3
        }
    },
    {
        "model": "recipes.ingredient",
        "pk": 90,
        "fields": {
            "name": "соевое масло",
            "measurement_unit": 3
        }
    },
    {
        "model": "recipes.ingredient",
        "pk": 91,
        "fields": {
            "name": "соевое молоко",
            "measurement_unit": 3
        }
    },
    {
        "model": "recipes.ingredient",
        "pk": 92,
        "fields": {
            "name": "соевые ростки",
            "measurement_unit": 3
        }
    },
    {
        "model": "recipes.ingredient",
        "pk": 93,
        "fields": {
            "name": "соевый соус",
            "measurement_unit": 3
        }
    },
    {
        "model": "recipes.ingredient",
        "pk": 94,
        "fields": {
            "name": "сок",
            "measurement_unit": 3
        }
    },
    {
        "model": "recipes.ingredient",
        "pk": 95,
        "fields": {
            "name": "сок из красных апельсинов",
            "measurement_unit": 1
        }
    },
    {
        "model": "recipes.ingredient",
        "pk": 96,
        "fields": {
            "name": "сок мультивитаминный",
            "measurement_unit": 1
        }
    },
    {
        "model": "recipes.ingredient",
        "pk": 97,
        "fields": {
            "name": "сок юзу",
            "measurement_unit": 1
        }
    },
    {
        "model": "recipes.ingredient",
        "pk": 98,
        "fields": {
            "name": "солод",
            "measurement_unit": 9
        }
    },
    {
        "model": "recipes.ingredient",
        "pk": 99,
        "fields": {
            "name": "солод жидкий",
            "measurement_unit": 3
        }
    },
    {
        "model": "recipes.ingredient",
        "pk": 100,
        "fields": {
            "name": "солодовый экстракт",
            "measurement_unit": 3
        }
    },
    {
        "model": "recipes.ingredient",
        "pk": 101,
        "fields": {
            "name": "солод темный",
            "measurement_unit": 3
        }
    },
    {
        "model": "recipes.ingredient",
        "pk": 102,
        "fields": {
            "name": "соломка",
            "measurement_unit": 3
        }
    },
    {
        "model": "recipes.ingredient",
        "pk": 103,
        "fields": {
            "name": "соль",
            "measurement_unit": 3
        }
    },
    {
        "model": "recipes.ingredient",
        "pk": 104,
        "fields": {
            "name": "соль гималайская",
            "measurement_unit": 3
        }
    },
    {
        "model": "recipes.ingredient",
        "pk": 105,
        "fields": {
            "name": "соль крупного помола",
            "measurement_unit": 3
        }
    },
    {
        "model": "recipes.ingredient",
        "pk": 106,
        "fields": {
            "name": "соль морская",
            "measurement_unit": 3
        }
    },
    {
        "model": "recipes.ingredient",
        "pk": 107,
        "fields": {
            "name": "сом филе",
            "measurement_unit": 3
        }
    },
    {
        "model": "recipes.ingredient",
        "pk": 108,
        "fields": {
            "name": "сосиски",
            "measurement_unit": 3
        }
    },
    {
        "model": "recipes.ingredient",
        "pk": 109,
        "fields": {
            "name": "сосиски из куриного фарша",
            "measurement_unit": 7
        }
    },
    {
        "model": "recipes.ingredient",
        "pk": 110,
        "fields": {
            "name": "сосиски копченые",
            "measurement_unit": 3
        }
    },
    {
        "model": "recipes.ingredient",
        "pk": 111,
        "fields": {
            "name": "соус",
            "measurement_unit": 3
        }
    },
    {
        "model": "recipes.ingredient",
        "pk": 112,
        "fields": {
            "name": "соус black bean",
            "measurement_unit": 10
        }
    },
    {
        "model": "recipes.ingredient",
        "pk": 113,
        "fields": {
            "name": "соус sambal oelek",
            "measurement_unit": 9
        }
    },
    {
        "model": "recipes.ingredient",
        "pk": 114,
        "fields": {
            "name": "соус барбекю",
            "measurement_unit": 3
        }
    },
    {
        "model": "recipes.ingredient",
        "pk": 115,
        "fields": {
            "name": "соус краснодарский",
            "measurement_unit": 3
        }
    },
    {
        "model": "recipes.ingredient",
        "pk": 116,
        "fields": {
            "name": "соус красный острый",
            "measurement_unit": 3
        }
    },
    {
        "model": "recipes.ingredient",
        "pk": 117,
        "fields": {
            "name": "соус мирин",
            "measurement_unit": 8
        }
    },
    {
        "model": "recipes.ingredient",
        "pk": 118,
        "fields": {
            "name": "соус наршараб",
            "measurement_unit": 3
        }
    },
    {
        "model": "recipes.ingredient",
        "pk": 119,
        "fields": {
            "name": "соус острый",
            "measurement_unit": 3
        }
    },
    {
        "model": "recipes.ingredient",
        "pk": 120,
        "fields": {
            "name": "соус песто",
            "measurement_unit": 8
        }
    },
    {
        "model": "recipes.ingredient",
        "pk": 121,
        "fields": {
            "name": "соус сацебели",
            "measurement_unit": 3
        }
    },
    {
        "model": "recipes.ingredient",
        "pk": 122,
        "fields": {
            "name": "соус табаско",
            "measurement_unit": 13
        }
    },
    {
        "model": "recipes.ingredient",
        "pk": 123,
        "fields": {
            "name": "соус терияки",
            "measurement_unit": 3
        }
    },
    {
        "model": "recipes.ingredient",
        "pk": 124,
        "fields": {
            "name": "соус ткемали",
            "measurement_unit": 11
        }
    },
    {
        "model": "recipes.ingredient",
        "pk": 125,
        "fields": {
            "name": "соус ткемали благородный",
            "measurement_unit": 3
        }
    },
    {
        "model": "recipes.ingredient",
        "pk": 126,
        "fields": {
            "name": "соус ткемали ранний",
            "measurement_unit": 10
        }
    },
    {
        "model": "recipes.ingredient",
        "pk": 127,
        "fields": {
            "name": "соус устричный",
            "measurement_unit": 9
        }
    },
    {
        "model": "recipes.ingredient",
        "pk": 128,
        "fields": {
            "name": "соус чили",
            "measurement_unit": 3
        }
    },
    {
        "model": "recipes.ingredient",
        "pk": 129,
        "fields": {
            "name": "соус чили сладкий",
            "measurement_unit": 9
        }
    },
    {
        "model": "recipes.ingredient",
        "pk": 130,
        "fields": {
            "name": "соус экзотический",
            "measurement_unit": 3
        }
    },
    {
        "model": "recipes.ingredient",
        "pk": 131,
        "fields": {
            "name": "соя",
            "measurement_unit": 3
        }
    },
    {
        "model": "recipes.ingredient",
        "pk": 132,
        "fields": {
            "name": "спагетти",
            "measurement_unit": 3
        }
    },
    {
        "model": "recipes.ingredient",
        "pk": 133,
        "fields": {
            "name": "спагетти № 3",
            "measurement_unit": 3
        }
    },
    {
        "model": "recipes.ingredient",
        "pk": 134,
        "fields": {
            "name": "спагетти № 5",
            "measurement_unit": 3
        }
    },
    {
        "model": "recipes.ingredient",
        "pk": 135,
        "fields": {
            "name": "спагетти лунги",
            "measurement_unit": 3
        }
    },
    {
        "model": "recipes.ingredient",
        "pk": 136,
        "fields": {
            "name": "спаржа",
            "measurement_unit": 2
        }
    },
    {
        "model": "recipes.ingredient",
        "pk": 137,
        "fields": {
            "name": "спаржа белая",
            "measurement_unit": 3
        }
    },
    {
        "model": "recipes.ingredient",
        "pk": 138,
        "fields": {
            "name": "спаржа зеленая",
            "measurement_unit": 3
        }
    },
    {
        "model": "recipes.ingredient",
        "pk": 139,
        "fields": {
            "name": "спаржа молодая",
            "measurement_unit": 3
        }
    },
    {
        "model": "recipes.ingredient",
        "pk": 140,
        "fields": {
            "name": "спек",
            "measurement_unit": 3
        }
    },
    {
        "model": "recipes.ingredient",
        "pk": 141,
        "fields": {
            "name": "спельта",
            "measurement_unit": 11
        }
    },
    {
        "model": "recipes.ingredient",
        "pk": 142,
        "fields": {
            "name": "спельтовая (полбяная) мука",
            "measurement_unit": 3
        }
    },
    {
        "model": "recipes.ingredient",
        "pk": 143,
        "fields": {
            "name": "специи",
            "measurement_unit": 3
        }
    },
    {
        "model": "recipes.ingredient",
        "pk": 144,
        "fields": {
            "name": "спирт",
            "measurement_unit": 3
        }
    },
    {
        "model": "recipes.ingredient",
        "pk": 145,
        "fields": {
            "name": "спирулина порошок",
            "measurement_unit": 3
        }
    },
    {
        "model": "recipes.ingredient",
        "pk": 146,
        "fields": {
            "name": "спред",
            "measurement_unit": 3
        }
    },
    {
        "model": "recipes.ingredient",
        "pk": 147,
        "fields": {
            "name": "ставрида",
            "measurement_unit": 3
        }
    },
    {
        "model": "recipes.ingredient",
        "pk": 148,
        "fields": {
            "name": "стейк семги",
            "measurement_unit": 7
        }
    },
    {
        "model": "recipes.ingredient",
        "pk": 149,
        "fields": {
            "name": "стейк семги",
            "measurement_unit": 3
        }
    },
    {
        "model": "recipes.recipe",
        "pk": 222,
        "fields": {
            "name": "Повторяющиеся ингредиенты",
            "author": 7,
            "cooking_time": 15,
            "image": "recipe_images/temp_3JnLoOL.png",
            "text": "Двойная порция",
            "pub_date": "2024-01-31T13:30:22.652Z",
            "portions": 1
        }
    },
    {
        "model": "recipes.recipe",
        "pk": 223,
        "fields": {
            "name": "Нечто съедобное (это не точно)",
            "author": 8,
            "cooking_time": 5,
            "image": "recipe_images/temp_552KMbm.png",
            "text": "Приготовьте как нибудь эти ингредиеты",
            "pub_date": "2024-01-31T13:31:39.792Z",
            "portions": 1
        }
    },
    {
        "model": "recipes.recipe",
        "pk": 224,
        "fields": {
            "name": "Еще одна попытка приготовить еду",
            "author": 1,
            "cooking_time": 10,
            "image": "recipe_images/temp_FVInQVr.png",
            "text": "Вероятно стоит это смешать.",
            "pub_date": "2024-01-31T13:31:41.466Z",
            "portions": 1
        }
    },
    {
        "model": "recipes.recipe",
        "pk": 225,
        "fields": {
            "name": "Еда без дополнительной обработки",
            "author": 1,
            "cooking_time": 1,
            "image": "recipe_images/temp_zay84ey.png",
            "text": "Просто съесть",
            "pub_date": "2024-01-31T13:31:42.979Z",
            "portions": 1
        }
    },
    {
        "model": "recipes.recipe",
        "pk": 226,
        "fields": {
            "name": "Нечто жареное",
            "author": 1,
            "cooking_time": 10,
            "image": "recipe_images/temp_RH9bRky.png",
            "text": "Жарить 10 минут",
            "pub_date": "2024-01-31T13:31:44.726Z",
            "portions": 1
        }
    },
    {
        "model": "recipes.recipe",
        "pk": 227,
        "fields": {
            "name": "Варёное нечто",
            "author": 7,
            "cooking_time": 25,
            "image": "recipe_images/temp_l3aWo6t.png",
            "text": "Варить 20 минут",
            "pub_date": "2024-01-31T13:31:46.591Z",
            "portions": 1
        }
    },
    {
        "model": "recipes.recipe",
        "pk": 233,
        "fields": {
            "name": "Повторяющиеся ингредиенты",
            "author": 7,
            "cooking_time": 15,
            "image": "recipe_images/temp_I956QWn.png",
            "text": "Двойная порция",
            "pub_date": "2024-01-31T14:44:18.751Z",
            "portions": 1
        }
    },
    {
        "model": "recipes.recipe",
        "pk": 234,
        "fields": {
            "name": "Еще одна попытка приготовить еду",
            "author": 8,
            "cooking_time": 10,
            "image": "recipe_images/temp_QRTGqyn.png",
            "text": "Вероятно стоит это смешать.",
            "pub_date": "2024-01-31T15:16:29.697Z",
            "portions": 1
        }
    },
    {
        "model": "recipes.recipe",
        "pk": 235,
        "fields": {
            "name": "Еще одна попытка приготовить еду",
            "author": 8,
            "cooking_time": 10,
            "image": "recipe_images/temp_y801rTj.png",
            "text": "Вероятно стоит это смешать.",
            "pub_date": "2024-01-31T15:18:23.761Z",
            "portions": 1
        }
    },
    {
        "model": "recipes.recipe",
        "pk": 236,
        "fields": {
            "name": "Еще одна попытка приготовить еду",
            "author": 8,
            "cooking_time": 10,
            "image": "recipe_images/temp_RbOaM1j.png",
            "text": "Вероятно стоит это смешать.",
            "pub_date": "2024-01-31T15:46:51.183Z",
            "portions": 1
        }
    },
    {
        "model": "recipes.recipe",
        "pk": 237,
        "fields": {
            "name": "Нечто жареное",
            "author": 8,
            "cooking_time": 10,
            "image": "recipe_images/temp_WANsAVv.png",
            "text": "Жарить 10 минут",
            "pub_date": "2024-01-31T15:47:06.200Z",
            "portions": 1
        }
    },
    {
        "model": "recipes.recipe",
        "pk": 238,
        "fields": {
            "name": "Нечто жареное",
            "author": 8,
            "cooking_time": 10,
            "image": "recipe_images/temp_yzldKFP.png",
            "text": "Жарить 10 минут",
            "pub_date": "2024-01-31T15:56:14.544Z",
            "portions": 1
        }
    },
    {
        "model": "recipes.recipe",
        "pk": 239,
        "fields": {
            "name": "Еще одна попытка приготовить еду",
            "author": 8,
            "cooking_time": 10,
            "image": "recipe_images/temp_SBDw1te.png",
            "text": "Вероятно стоит это смешать.",
            "pub_date": "2024-01-31T15:56:18.541Z",
            "portions": 1
        }
    },
    {
        "model": "recipes.recipe",
        "pk": 240,
        "fields": {
            "name": "Еще одна попытка приготовить еду",
            "author": 8,
            "cooking_time": 10,
            "image": "recipe_images/temp_vvYs21F.png",
            "text": "Вероятно стоит это смешать.",
            "pub_date": "2024-01-31T15:57:22.082Z",
            "portions": 1
        }
    },
    {
        "model": "recipes.recipe",
        "pk": 241,
        "fields": {
            "name": "Нечто жареное",
            "author": 8,
            "cooking_time": 10,
            "image": "recipe_images/temp_0aVaJDr.png",
            "text": "Жарить 10 минут",
            "pub_date": "2024-01-31T15:57:26.764Z",
            "portions": 1
        }
    },
    {
        "model": "recipes.recipe",
        "pk": 242,
        "fields": {
            "name": "Нечто жареное",
            "author": 8,
            "cooking_time": 10,
            "image": "recipe_images/temp_O4UcJM6.png",
            "text": "Жарить 10 минут",
            "pub_date": "2024-01-31T15:57:28.751Z",
            "portions": 1
        }
    },
    {
        "model": "recipes.recipe",
        "pk": 243,
        "fields": {
            "name": "Нечто жареное",
            "author": 8,
            "cooking_time": 10,
            "image": "recipe_images/temp_18t1CU0.png",
            "text": "Жарить 10 минут",
            "pub_date": "2024-01-31T15:58:20.929Z",
            "portions": 1
        }
    },
    {
        "model": "recipes.recipe",
        "pk": 244,
        "fields": {
            "name": "Нечто жареное",
            "author": 8,
            "cooking_time": 10,
            "image": "recipe_images/temp_2nQAXYg.png",
            "text": "Жарить 10 минут",
            "pub_date": "2024-01-31T15:59:35.351Z",
            "portions": 1
        }
    },
    {
        "model": "recipes.recipe",
        "pk": 245,
        "fields": {
            "name": "Еще одна попытка приготовить еду",
            "author": 8,
            "cooking_time": 10,
            "image": "recipe_images/temp_A3AiS20.png",
            "text": "Вероятно стоит это смешать.",
            "pub_date": "2024-01-31T15:59:39.023Z",
            "portions": 1
        }
    },
    {
        "model": "recipes.recipe",
        "pk": 246,
        "fields": {
            "name": "Еще одна попытка приготовить еду",
            "author": 8,
            "cooking_time": 10,
            "image": "recipe_images/temp_p5of7SN.png",
            "text": "Вероятно стоит это смешать.",
            "pub_date": "2024-01-31T16:06:59.905Z",
            "portions": 1
        }
    },
    {
        "model": "recipes.recipe",
        "pk": 247,
        "fields": {
            "name": "Нечто жареное",
            "author": 8,
            "cooking_time": 10,
            "image": "recipe_images/temp_cAzrxyD.png",
            "text": "Жарить 10 минут",
            "pub_date": "2024-01-31T16:07:02.747Z",
            "portions": 1
        }
    },
    {
        "model": "recipes.recipe",
        "pk": 248,
        "fields": {
            "name": "Еще одна попытка приготовить еду",
            "author": 8,
            "cooking_time": 10,
            "image": "recipe_images/temp_5lHKiAQ.png",
            "text": "Вероятно стоит это смешать.",
            "pub_date": "2024-01-31T16:07:05.410Z",
            "portions": 1
        }
    },
    {
        "model": "recipes.recipe",
        "pk": 249,
        "fields": {
            "name": "Еще одна попытка приготовить еду",
            "author": 8,
            "cooking_time": 10,
            "image": "recipe_images/temp_6GIIMq3.png",
            "text": "Вероятно стоит это смешать.",
            "pub_date": "2024-01-31T16:08:17.986Z",
            "portions": 1
        }
    },
    {
        "model": "recipes.recipe",
        "pk": 250,
        "fields": {
            "name": "Нечто жареное",
            "author": 8,
            "cooking_time": 10,
            "image": "recipe_images/temp_5NahSat.png",
            "text": "Жарить 10 минут",
            "pub_date": "2024-01-31T16:08:22.181Z",
            "portions": 1
        }
    },
    {
        "model": "recipes.recipe",
        "pk": 251,
        "fields": {
            "name": "Нечто съедобное (это не точно)",
            "author": 8,
            "cooking_time": 5,
            "image": "recipe_images/temp_IxxrBvA.png",
            "text": "Приготовьте как нибудь эти ингредиеты",
            "pub_date": "2024-01-31T16:11:30.322Z",
            "portions": 1
        }
    },
    {
        "model": "recipes.recipe",
        "pk": 252,
        "fields": {
            "name": "Нечто съедобное (это не точно)",
            "author": 8,
            "cooking_time": 5,
            "image": "recipe_images/temp_7cyvmVD.png",
            "text": "Приготовьте как нибудь эти ингредиеты",
            "pub_date": "2024-01-31T16:13:35.869Z",
            "portions": 1
        }
    },
    {
        "model": "recipes.recipe",
        "pk": 253,
        "fields": {
            "name": "Нечто съедобное (это не точно)",
            "author": 8,
            "cooking_time": 5,
            "image": "recipe_images/temp_bKwhJBJ.png",
            "text": "Приготовьте как нибудь эти ингредиеты",
            "pub_date": "2024-01-31T16:17:21.749Z",
            "portions": 1
        }
    },
    {
        "model": "recipes.recipe",
        "pk": 254,
        "fields": {
            "name": "Нечто съедобное (это не точно)",
            "author": 8,
            "cooking_time": 5,
            "image": "recipe_images/temp_xXmGvfd.png",
            "text": "Приготовьте как нибудь эти ингредиеты",
            "pub_date": "2024-01-31T16:20:04.507Z",
            "portions": 1
        }
    },
    {
        "model": "recipes.recipe",
        "pk": 255,
        "fields": {
            "name": "Нечто съедобное (это не точно)",
            "author": 8,
            "cooking_time": 5,
            "image": "recipe_images/temp_YWFOrnW.png",
            "text": "Приготовьте как нибудь эти ингредиеты",
            "pub_date": "2024-01-31T16:20:14.270Z",
            "portions": 1
        }
    },
    {
        "model": "recipes.recipe",
        "pk": 256,
        "fields": {
            "name": "Нечто съедобное (это не точно)",
            "author": 8,
            "cooking_time": 5,
            "image": "recipe_images/temp_sRMoj6j.png",
            "text": "Приготовьте как нибудь эти ингредиеты",
            "pub_date": "2024-01-31T16:20:22.411Z",
            "portions": 1
        }
    },
    {
        "model": "recipes.recipe",
        "pk": 257,
        "fields": {
            "name": "Нечто съедобное (это не точно)",
            "author": 8,
            "cooking_time": 5,
            "image": "recipe_images/temp_ZOSDNFw.png",
            "text": "Приготовьте как нибудь эти ингредиеты",
            "pub_date": "2024-01-31T16:22:00.510Z",
            "portions": 1
        }
    },
    {
        "model": "recipes.recipe",
        "pk": 258,
        "fields": {
            "name": "Нечто съедобное (это не точно)",
            "author": 8,
            "cooking_time": 5,
            "image": "recipe_images/temp_FPR4J2x.png",
            "text": "Приготовьте как нибудь эти ингредиеты",
            "pub_date": "2024-01-31T16:22:56.700Z",
            "portions": 1
        }
    },
    {
        "model": "recipes.recipe",
        "pk": 259,
        "fields": {
            "name": "Нечто съедобное (это не точно)",
            "author": 8,
            "cooking_time": 5,
            "image": "recipe_images/temp_tixq1UB.png",
            "text": "Приготовьте как нибудь эти ингредиеты",
            "pub_date": "2024-01-31T16:23:22.895Z",
            "portions": 1
        }
    },
    {
        "model": "recipes.recipe",
        "pk": 260,
        "fields": {
            "name": "Нечто съедобное (это не точно)",
            "author": 8,
            "cooking_time": 5,
            "image": "recipe_images/temp_KNHnJRf.png",
            "text": "Приготовьте как нибудь эти ингредиеты",
            "pub_date": "2024-01-31T16:23:36.553Z",
            "portions": 1
        }
    },
    {
        "model": "recipes.recipe",
        "pk": 261,
        "fields": {
            "name": "Нечто съедобное (это не точно)",
            "author": 8,
            "cooking_time": 5,
            "image": "recipe_images/temp_qxEE8dW.png",
            "text": "Приготовьте как нибудь эти ингредиеты",
            "pub_date": "2024-01-31T16:24:01.772Z",
            "portions": 1
        }
    },
    {
        "model": "recipes.recipe",
        "pk": 262,
        "fields": {
            "name": "Нечто съедобное (это не точно)",
            "author": 8,
            "cooking_time": 5,
            "image": "recipe_images/temp_v2lsMXs.png",
            "text": "Приготовьте как нибудь эти ингредиеты",
            "pub_date": "2024-01-31T16:24:23.746Z",
            "portions": 1
        }
    },
    {
        "model": "recipes.recipe",
        "pk": 263,
        "fields": {
            "name": "Нечто съедобное (это не точно)",
            "author": 8,
            "cooking_time": 5,
            "image": "recipe_images/temp_sb7NBoZ.png",
            "text": "Приготовьте как нибудь эти ингредиеты",
            "pub_date": "2024-01-31T16:24:47.053Z",
            "portions": 1
        }
    },
    {
        "model": "recipes.recipe",
        "pk": 264,
        "fields": {
            "name": "Нечто съедобное (это не точно)",
            "author": 8,
            "cooking_time": 5,
            "image": "recipe_images/temp_W2Bn8Su.png",
            "text": "Приготовьте как нибудь эти ингредиеты",
            "pub_date": "2024-01-31T16:25:02.269Z",
            "portions": 1
        }
    },
    {
        "model": "recipes.recipe",
        "pk": 265,
        "fields": {
            "name": "Нечто съедобное (это не точно)",
            "author": 8,
            "cooking_time": 5,
            "image": "recipe_images/temp_DkoLSts.png",
            "text": "Приготовьте как нибудь эти ингредиеты",
            "pub_date": "2024-01-31T16:27:17.905Z",
            "portions": 1
        }
    },
    {
        "model": "recipes.recipe",
        "pk": 266,
        "fields": {
            "name": "Нечто съедобное (это не точно)",
            "author": 8,
            "cooking_time": 5,
            "image": "recipe_images/temp_E9Jdzet.png",
            "text": "Приготовьте как нибудь эти ингредиеты",
            "pub_date": "2024-01-31T16:44:35.890Z",
            "portions": 1
        }
    },
    {
        "model": "recipes.recipe",
        "pk": 267,
        "fields": {
            "name": "Нечто съедобное (это не точно)",
            "author": 8,
            "cooking_time": 5,
            "image": "recipe_images/temp_omHYbIh.png",
            "text": "Приготовьте как нибудь эти ингредиеты",
            "pub_date": "2024-01-31T16:45:18.723Z",
            "portions": 1
        }
    },
    {
        "model": "recipes.recipe",
        "pk": 268,
        "fields": {
            "name": "Нечто съедобное (это не точно)",
            "author": 8,
            "cooking_time": 5,
            "image": "recipe_images/temp_bnrVOu4.png",
            "text": "Приготовьте как нибудь эти ингредиеты",
            "pub_date": "2024-01-31T16:45:43.896Z",
            "portions": 1
        }
    },
    {
        "model": "recipes.recipe",
        "pk": 269,
        "fields": {
            "name": "Нечто съедобное (это не точно)",
            "author": 8,
            "cooking_time": 5,
            "image": "recipe_images/temp_VT1lMvo.png",
            "text": "Приготовьте как нибудь эти ингредиеты",
            "pub_date": "2024-01-31T16:46:28.001Z",
            "portions": 1
        }
    },
    {
        "model": "recipes.recipe",
        "pk": 270,
        "fields": {
            "name": "Нечто съедобное (это не точно)",
            "author": 8,
            "cooking_time": 5,
            "image": "recipe_images/temp_dp8kFHN.png",
            "text": "Приготовьте как нибудь эти ингредиеты",
            "pub_date": "2024-01-31T16:47:03.520Z",
            "portions": 1
        }
    },
    {
        "model": "recipes.recipe",
        "pk": 271,
        "fields": {
            "name": "Нечто съедобное (это не точно)",
            "author": 8,
            "cooking_time": 5,
            "image": "recipe_images/temp_2KwFDVY.png",
            "text": "Приготовьте как нибудь эти ингредиеты",
            "pub_date": "2024-01-31T16:47:51.347Z",
            "portions": 1
        }
    },
    {
        "model": "recipes.recipe",
        "pk": 272,
        "fields": {
            "name": "Нечто съедобное (это не точно)",
            "author": 8,
            "cooking_time": 5,
            "image": "recipe_images/temp_5ncYqbo.png",
            "text": "Приготовьте как нибудь эти ингредиеты",
            "pub_date": "2024-01-31T16:48:29.996Z",
            "portions": 1
        }
    },
    {
        "model": "recipes.recipe",
        "pk": 273,
        "fields": {
            "name": "Нечто съедобное (это не точно)",
            "author": 8,
            "cooking_time": 5,
            "image": "recipe_images/temp_jzesTFt.png",
            "text": "Приготовьте как нибудь эти ингредиеты",
            "pub_date": "2024-01-31T16:53:54.967Z",
            "portions": 1
        }
    },
    {
        "model": "recipes.recipe",
        "pk": 274,
        "fields": {
            "name": "Нечто съедобное (это не точно)",
            "author": 8,
            "cooking_time": 5,
            "image": "recipe_images/temp_evjdEJP.png",
            "text": "Приготовьте как нибудь эти ингредиеты",
            "pub_date": "2024-01-31T16:55:01.834Z",
            "portions": 1
        }
    },
    {
        "model": "recipes.recipe",
        "pk": 275,
        "fields": {
            "name": "Нечто съедобное (это не точно)",
            "author": 8,
            "cooking_time": 5,
            "image": "recipe_images/temp_pMpiKsR.png",
            "text": "Приготовьте как нибудь эти ингредиеты",
            "pub_date": "2024-01-31T16:56:06.365Z",
            "portions": 1
        }
    },
    {
        "model": "recipes.recipe",
        "pk": 276,
        "fields": {
            "name": "Нечто съедобное (это не точно)",
            "author": 8,
            "cooking_time": 5,
            "image": "recipe_images/temp_umb9zRA.png",
            "text": "Приготовьте как нибудь эти ингредиеты",
            "pub_date": "2024-01-31T16:58:48.104Z",
            "portions": 1
        }
    },
    {
        "model": "recipes.recipe",
        "pk": 277,
        "fields": {
            "name": "Нечто съедобное (это не точно)",
            "author": 8,
            "cooking_time": 5,
            "image": "recipe_images/temp_WB5UAF0.png",
            "text": "Приготовьте как нибудь эти ингредиеты",
            "pub_date": "2024-01-31T16:59:27.954Z",
            "portions": 1
        }
    },
    {
        "model": "recipes.recipe",
        "pk": 278,
        "fields": {
            "name": "Повторяющиеся ингредиенты",
            "author": 7,
            "cooking_time": 15,
            "image": "recipe_images/temp_dp0pIav.png",
            "text": "Двойная порция",
            "pub_date": "2024-01-31T17:00:33.626Z",
            "portions": 1
        }
    },
    {
        "model": "recipes.recipe",
        "pk": 279,
        "fields": {
            "name": "Еще одна попытка приготовить еду",
            "author": 8,
            "cooking_time": 10,
            "image": "recipe_images/temp_KwxyDaf.png",
            "text": "Вероятно стоит это смешать.",
            "pub_date": "2024-01-31T17:29:53.923Z",
            "portions": 1
        }
    },
    {
        "model": "recipes.recipe",
        "pk": 280,
        "fields": {
            "name": "Нечто съедобное (это не точно)",
            "author": 8,
            "cooking_time": 5,
            "image": "recipe_images/temp_evgEgG8.png",
            "text": "Приготовьте как нибудь эти ингредиеты",
            "pub_date": "2024-01-31T17:33:42.622Z",
            "portions": 1
        }
    },
    {
        "model": "recipes.recipe",
        "pk": 281,
        "fields": {
            "name": "Нечто съедобное (это не точно)",
            "author": 8,
            "cooking_time": 5,
            "image": "recipe_images/temp_rsQAwaf.png",
            "text": "Приготовьте как нибудь эти ингредиеты",
            "pub_date": "2024-01-31T17:34:01.229Z",
            "portions": 1
        }
    },
    {
        "model": "recipes.recipe",
        "pk": 282,
        "fields": {
            "name": "Нечто съедобное (это не точно)",
            "author": 8,
            "cooking_time": 5,
            "image": "recipe_images/temp_C3fTZYa.png",
            "text": "Приготовьте как нибудь эти ингредиеты",
            "pub_date": "2024-01-31T17:35:51.030Z",
            "portions": 1
        }
    },
    {
        "model": "recipes.recipe",
        "pk": 283,
        "fields": {
            "name": "Нечто съедобное (это не точно)",
            "author": 8,
            "cooking_time": 5,
            "image": "recipe_images/temp_nNvooyN.png",
            "text": "Приготовьте как нибудь эти ингредиеты",
            "pub_date": "2024-01-31T17:36:14.314Z",
            "portions": 1
        }
    },
    {
        "model": "recipes.recipe",
        "pk": 289,
        "fields": {
            "name": "Повторяющиеся ингредиенты",
            "author": 1,
            "cooking_time": 15,
            "image": "recipe_images/temp_2cuV18n.png",
            "text": "Двойная порция",
            "pub_date": "2024-02-01T11:26:39.773Z",
            "portions": 1
        }
    },
    {
        "model": "recipes.recipe",
        "pk": 290,
        "fields": {
            "name": "Рецепт 1",
            "author": 1,
            "cooking_time": 5,
            "image": "recipe_images/temp_uba5sW1.png",
            "text": "Приготовьте как нибудь эти ингредиеты",
            "pub_date": "2024-02-01T11:26:48.925Z",
            "portions": 1
        }
    },
    {
        "model": "recipes.recipe",
        "pk": 291,
        "fields": {
            "name": "Рецепт 2",
            "author": 1,
            "cooking_time": 5,
            "image": "recipe_images/temp_xOzoIlU.png",
            "text": "Приготовьте как нибудь эти ингредиеты",
            "pub_date": "2024-02-01T11:26:49.071Z",
            "portions": 1
        }
    },
    {
        "model": "recipes.recipe",
        "pk": 292,
        "fields": {
            "name": "Рецепт 1",
            "author": 1,
            "cooking_time": 5,
            "image": "recipe_images/temp_b0TBkhn.png",
            "text": "Приготовьте как нибудь эти ингредиеты",
            "pub_date": "2024-02-01T11:27:39.170Z",
            "portions": 1
        }
    },
    {
        "model": "recipes.recipe",
        "pk": 293,
        "fields": {
            "name": "Рецепт 1",
            "author": 1,
            "cooking_time": 5,
            "image": "recipe_images/temp_BvyZEtL.png",
            "text": "Приготовьте как нибудь эти ингредиеты",
            "pub_date": "2024-02-01T11:50:14.465Z",
            "portions": 1
        }
    },
    {
        "model": "recipes.recipe",
        "pk": 294,
        "fields": {
            "name": "Рецепт 1",
            "author": 1,
            "cooking_time": 5,
            "image": "recipe_images/temp_8ypYiXh.png",
            "text": "Приготовьте как нибудь эти ингредиеты",
            "pub_date": "2024-02-01T11:53:52.277Z",
            "portions": 1
        }
    },
    {
        "model": "recipes.recipe",
        "pk": 295,
        "fields": {
            "name": "Рецепт 1",
            "author": 1,
            "cooking_time": 5,
            "image": "recipe_images/temp_TMzeDbh.png",
            "text": "Приготовьте как нибудь эти ингредиеты",
            "pub_date": "2024-02-01T11:55:32.290Z",
            "portions": 1
        }
    },
    {
        "model": "recipes.recipe",
        "pk": 296,
        "fields": {
            "name": "Коктейль молочный",
            "author": 1,
            "cooking_time": 10,
            "image": "recipe_images/temp_SZ3TVa7.png",
            "text": "Взболтать",
            "pub_date": "2024-02-01T11:58:25.481Z",
            "portions": 1
        }
    },
    {
        "model": "recipes.recipe",
        "pk": 297,
        "fields": {
            "name": "Коктейль молочный",
            "author": 1,
            "cooking_time": 10,
            "image": "recipe_images/temp_XEZEHn8.png",
            "text": "Взболтать",
            "pub_date": "2024-02-01T12:06:37.570Z",
            "portions": 1
        }
    },
    {
        "model": "recipes.recipe",
        "pk": 298,
        "fields": {
            "name": "Коктейль молочный - 3",
            "author": 1,
            "cooking_time": 10,
            "image": "recipe_images/temp_YPIY3rb.png",
            "text": "Взболтать",
            "pub_date": "2024-02-01T12:06:51.563Z",
            "portions": 1
        }
    },
    {
        "model": "recipes.recipe",
        "pk": 299,
        "fields": {
            "name": "Рецепт 1",
            "author": 1,
            "cooking_time": 5,
            "image": "recipe_images/temp_CBjDv8K.png",
            "text": "Приготовьте как нибудь эти ингредиеты",
            "pub_date": "2024-02-01T12:08:00.918Z",
            "portions": 1
        }
    },
    {
        "model": "recipes.recipeingredient",
        "pk": 305,
        "fields": {
            "ingredient": 1,
            "recipe": 222,
            "amount": 10.0,
            "measurement_unit": 1
        }
    },
    {
        "model": "recipes.recipeingredient",
        "pk": 307,
        "fields": {
            "ingredient": 1,
            "recipe": 223,
            "amount": 10.0,
            "measurement_unit": 1
        }
    },
    {
        "model": "recipes.recipeingredient",
        "pk": 308,
        "fields": {
            "ingredient": 3,
            "recipe": 223,
            "amount": 20.0,
            "measurement_unit": 3
        }
    },
    {
        "model": "recipes.recipeingredient",
        "pk": 309,
        "fields": {
            "ingredient": 1,
            "recipe": 224,
            "amount": 10.0,
            "measurement_unit": 1
        }
    },
    {
        "model": "recipes.recipeingredient",
        "pk": 310,
        "fields": {
            "ingredient": 3,
            "recipe": 224,
            "amount": 20.0,
            "measurement_unit": 3
        }
    },
    {
        "model": "recipes.recipeingredient",
        "pk": 311,
        "fields": {
            "ingredient": 1,
            "recipe": 225,
            "amount": 10.0,
            "measurement_unit": 1
        }
    },
    {
        "model": "recipes.recipeingredient",
        "pk": 312,
        "fields": {
            "ingredient": 3,
            "recipe": 226,
            "amount": 20.0,
            "measurement_unit": 3
        }
    },
    {
        "model": "recipes.recipeingredient",
        "pk": 313,
        "fields": {
            "ingredient": 3,
            "recipe": 227,
            "amount": 20.0,
            "measurement_unit": 3
        }
    },
    {
        "model": "recipes.recipeingredient",
        "pk": 322,
        "fields": {
            "ingredient": 1,
            "recipe": 233,
            "amount": 10.0,
            "measurement_unit": 1
        }
    },
    {
        "model": "recipes.recipeingredient",
        "pk": 324,
        "fields": {
            "ingredient": 1,
            "recipe": 234,
            "amount": 10.0,
            "measurement_unit": 1
        }
    },
    {
        "model": "recipes.recipeingredient",
        "pk": 325,
        "fields": {
            "ingredient": 3,
            "recipe": 234,
            "amount": 20.0,
            "measurement_unit": 3
        }
    },
    {
        "model": "recipes.recipeingredient",
        "pk": 326,
        "fields": {
            "ingredient": 1,
            "recipe": 235,
            "amount": 10.0,
            "measurement_unit": 1
        }
    },
    {
        "model": "recipes.recipeingredient",
        "pk": 327,
        "fields": {
            "ingredient": 3,
            "recipe": 235,
            "amount": 20.0,
            "measurement_unit": 3
        }
    },
    {
        "model": "recipes.recipeingredient",
        "pk": 328,
        "fields": {
            "ingredient": 1,
            "recipe": 236,
            "amount": 10.0,
            "measurement_unit": 1
        }
    },
    {
        "model": "recipes.recipeingredient",
        "pk": 329,
        "fields": {
            "ingredient": 3,
            "recipe": 236,
            "amount": 20.0,
            "measurement_unit": 3
        }
    },
    {
        "model": "recipes.recipeingredient",
        "pk": 330,
        "fields": {
            "ingredient": 3,
            "recipe": 237,
            "amount": 20.0,
            "measurement_unit": 3
        }
    },
    {
        "model": "recipes.recipeingredient",
        "pk": 331,
        "fields": {
            "ingredient": 3,
            "recipe": 238,
            "amount": 20.0,
            "measurement_unit": 3
        }
    },
    {
        "model": "recipes.recipeingredient",
        "pk": 332,
        "fields": {
            "ingredient": 1,
            "recipe": 239,
            "amount": 10.0,
            "measurement_unit": 1
        }
    },
    {
        "model": "recipes.recipeingredient",
        "pk": 333,
        "fields": {
            "ingredient": 3,
            "recipe": 239,
            "amount": 20.0,
            "measurement_unit": 3
        }
    },
    {
        "model": "recipes.recipeingredient",
        "pk": 334,
        "fields": {
            "ingredient": 1,
            "recipe": 240,
            "amount": 10.0,
            "measurement_unit": 1
        }
    },
    {
        "model": "recipes.recipeingredient",
        "pk": 335,
        "fields": {
            "ingredient": 3,
            "recipe": 240,
            "amount": 20.0,
            "measurement_unit": 3
        }
    },
    {
        "model": "recipes.recipeingredient",
        "pk": 336,
        "fields": {
            "ingredient": 3,
            "recipe": 241,
            "amount": 20.0,
            "measurement_unit": 3
        }
    },
    {
        "model": "recipes.recipeingredient",
        "pk": 337,
        "fields": {
            "ingredient": 3,
            "recipe": 242,
            "amount": 20.0,
            "measurement_unit": 3
        }
    },
    {
        "model": "recipes.recipeingredient",
        "pk": 338,
        "fields": {
            "ingredient": 3,
            "recipe": 244,
            "amount": 20.0,
            "measurement_unit": null
        }
    },
    {
        "model": "recipes.recipeingredient",
        "pk": 339,
        "fields": {
            "ingredient": 1,
            "recipe": 245,
            "amount": 10.0,
            "measurement_unit": null
        }
    },
    {
        "model": "recipes.recipeingredient",
        "pk": 340,
        "fields": {
            "ingredient": 3,
            "recipe": 245,
            "amount": 20.0,
            "measurement_unit": null
        }
    },
    {
        "model": "recipes.recipeingredient",
        "pk": 341,
        "fields": {
            "ingredient": 1,
            "recipe": 246,
            "amount": 10.0,
            "measurement_unit": null
        }
    },
    {
        "model": "recipes.recipeingredient",
        "pk": 342,
        "fields": {
            "ingredient": 3,
            "recipe": 246,
            "amount": 20.0,
            "measurement_unit": null
        }
    },
    {
        "model": "recipes.recipeingredient",
        "pk": 343,
        "fields": {
            "ingredient": 3,
            "recipe": 247,
            "amount": 20.0,
            "measurement_unit": null
        }
    },
    {
        "model": "recipes.recipeingredient",
        "pk": 344,
        "fields": {
            "ingredient": 1,
            "recipe": 248,
            "amount": 10.0,
            "measurement_unit": null
        }
    },
    {
        "model": "recipes.recipeingredient",
        "pk": 345,
        "fields": {
            "ingredient": 3,
            "recipe": 248,
            "amount": 20.0,
            "measurement_unit": null
        }
    },
    {
        "model": "recipes.recipeingredient",
        "pk": 346,
        "fields": {
            "ingredient": 1,
            "recipe": 249,
            "amount": 10.0,
            "measurement_unit": null
        }
    },
    {
        "model": "recipes.recipeingredient",
        "pk": 347,
        "fields": {
            "ingredient": 3,
            "recipe": 249,
            "amount": 20.0,
            "measurement_unit": null
        }
    },
    {
        "model": "recipes.recipeingredient",
        "pk": 348,
        "fields": {
            "ingredient": 3,
            "recipe": 250,
            "amount": 20.0,
            "measurement_unit": null
        }
    },
    {
        "model": "recipes.recipeingredient",
        "pk": 349,
        "fields": {
            "ingredient": 1,
            "recipe": 251,
            "amount": 10.0,
            "measurement_unit": null
        }
    },
    {
        "model": "recipes.recipeingredient",
        "pk": 350,
        "fields": {
            "ingredient": 3,
            "recipe": 251,
            "amount": 20.0,
            "measurement_unit": null
        }
    },
    {
        "model": "recipes.recipeingredient",
        "pk": 351,
        "fields": {
            "ingredient": 1,
            "recipe": 253,
            "amount": 10.0,
            "measurement_unit": null
        }
    },
    {
        "model": "recipes.recipeingredient",
        "pk": 352,
        "fields": {
            "ingredient": 3,
            "recipe": 253,
            "amount": 20.0,
            "measurement_unit": null
        }
    },
    {
        "model": "recipes.recipeingredient",
        "pk": 353,
        "fields": {
            "ingredient": 1,
            "recipe": 255,
            "amount": 10.0,
            "measurement_unit": null
        }
    },
    {
        "model": "recipes.recipeingredient",
        "pk": 354,
        "fields": {
            "ingredient": 3,
            "recipe": 255,
            "amount": 20.0,
            "measurement_unit": null
        }
    },
    {
        "model": "recipes.recipeingredient",
        "pk": 355,
        "fields": {
            "ingredient": 1,
            "recipe": 265,
            "amount": 10.0,
            "measurement_unit": null
        }
    },
    {
        "model": "recipes.recipeingredient",
        "pk": 356,
        "fields": {
            "ingredient": 3,
            "recipe": 265,
            "amount": 20.0,
            "measurement_unit": null
        }
    },
    {
        "model": "recipes.recipeingredient",
        "pk": 357,
        "fields": {
            "ingredient": 1,
            "recipe": 266,
            "amount": 10.0,
            "measurement_unit": null
        }
    },
    {
        "model": "recipes.recipeingredient",
        "pk": 358,
        "fields": {
            "ingredient": 3,
            "recipe": 266,
            "amount": 20.0,
            "measurement_unit": null
        }
    },
    {
        "model": "recipes.recipeingredient",
        "pk": 359,
        "fields": {
            "ingredient": 1,
            "recipe": 267,
            "amount": 10.0,
            "measurement_unit": null
        }
    },
    {
        "model": "recipes.recipeingredient",
        "pk": 360,
        "fields": {
            "ingredient": 3,
            "recipe": 267,
            "amount": 20.0,
            "measurement_unit": null
        }
    },
    {
        "model": "recipes.recipeingredient",
        "pk": 361,
        "fields": {
            "ingredient": 1,
            "recipe": 268,
            "amount": 10.0,
            "measurement_unit": null
        }
    },
    {
        "model": "recipes.recipeingredient",
        "pk": 362,
        "fields": {
            "ingredient": 3,
            "recipe": 268,
            "amount": 20.0,
            "measurement_unit": null
        }
    },
    {
        "model": "recipes.recipeingredient",
        "pk": 363,
        "fields": {
            "ingredient": 1,
            "recipe": 270,
            "amount": 10.0,
            "measurement_unit": null
        }
    },
    {
        "model": "recipes.recipeingredient",
        "pk": 364,
        "fields": {
            "ingredient": 3,
            "recipe": 270,
            "amount": 20.0,
            "measurement_unit": null
        }
    },
    {
        "model": "recipes.recipeingredient",
        "pk": 365,
        "fields": {
            "ingredient": 1,
            "recipe": 271,
            "amount": 10.0,
            "measurement_unit": null
        }
    },
    {
        "model": "recipes.recipeingredient",
        "pk": 366,
        "fields": {
            "ingredient": 3,
            "recipe": 271,
            "amount": 20.0,
            "measurement_unit": null
        }
    },
    {
        "model": "recipes.recipeingredient",
        "pk": 367,
        "fields": {
            "ingredient": 1,
            "recipe": 272,
            "amount": 10.0,
            "measurement_unit": null
        }
    },
    {
        "model": "recipes.recipeingredient",
        "pk": 368,
        "fields": {
            "ingredient": 3,
            "recipe": 272,
            "amount": 20.0,
            "measurement_unit": null
        }
    },
    {
        "model": "recipes.recipeingredient",
        "pk": 369,
        "fields": {
            "ingredient": 1,
            "recipe": 273,
            "amount": 10.0,
            "measurement_unit": null
        }
    },
    {
        "model": "recipes.recipeingredient",
        "pk": 370,
        "fields": {
            "ingredient": 3,
            "recipe": 273,
            "amount": 20.0,
            "measurement_unit": null
        }
    },
    {
        "model": "recipes.recipeingredient",
        "pk": 371,
        "fields": {
            "ingredient": 1,
            "recipe": 274,
            "amount": 10.0,
            "measurement_unit": null
        }
    },
    {
        "model": "recipes.recipeingredient",
        "pk": 372,
        "fields": {
            "ingredient": 3,
            "recipe": 274,
            "amount": 20.0,
            "measurement_unit": null
        }
    },
    {
        "model": "recipes.recipeingredient",
        "pk": 373,
        "fields": {
            "ingredient": 1,
            "recipe": 275,
            "amount": 10.0,
            "measurement_unit": null
        }
    },
    {
        "model": "recipes.recipeingredient",
        "pk": 374,
        "fields": {
            "ingredient": 3,
            "recipe": 275,
            "amount": 20.0,
            "measurement_unit": null
        }
    },
    {
        "model": "recipes.recipeingredient",
        "pk": 375,
        "fields": {
            "ingredient": 1,
            "recipe": 276,
            "amount": 10.0,
            "measurement_unit": null
        }
    },
    {
        "model": "recipes.recipeingredient",
        "pk": 376,
        "fields": {
            "ingredient": 3,
            "recipe": 276,
            "amount": 20.0,
            "measurement_unit": null
        }
    },
    {
        "model": "recipes.recipeingredient",
        "pk": 377,
        "fields": {
            "ingredient": 1,
            "recipe": 277,
            "amount": 10.0,
            "measurement_unit": null
        }
    },
    {
        "model": "recipes.recipeingredient",
        "pk": 378,
        "fields": {
            "ingredient": 3,
            "recipe": 277,
            "amount": 20.0,
            "measurement_unit": null
        }
    },
    {
        "model": "recipes.recipeingredient",
        "pk": 379,
        "fields": {
            "ingredient": 1,
            "recipe": 279,
            "amount": 10.0,
            "measurement_unit": null
        }
    },
    {
        "model": "recipes.recipeingredient",
        "pk": 380,
        "fields": {
            "ingredient": 3,
            "recipe": 279,
            "amount": 20.0,
            "measurement_unit": null
        }
    },
    {
        "model": "recipes.recipeingredient",
        "pk": 381,
        "fields": {
            "ingredient": 1,
            "recipe": 280,
            "amount": 10.0,
            "measurement_unit": null
        }
    },
    {
        "model": "recipes.recipeingredient",
        "pk": 382,
        "fields": {
            "ingredient": 3,
            "recipe": 280,
            "amount": 20.0,
            "measurement_unit": null
        }
    },
    {
        "model": "recipes.recipeingredient",
        "pk": 383,
        "fields": {
            "ingredient": 1,
            "recipe": 281,
            "amount": 10.0,
            "measurement_unit": null
        }
    },
    {
        "model": "recipes.recipeingredient",
        "pk": 384,
        "fields": {
            "ingredient": 3,
            "recipe": 281,
            "amount": 20.0,
            "measurement_unit": null
        }
    },
    {
        "model": "recipes.recipeingredient",
        "pk": 385,
        "fields": {
            "ingredient": 1,
            "recipe": 282,
            "amount": 10.0,
            "measurement_unit": null
        }
    },
    {
        "model": "recipes.recipeingredient",
        "pk": 386,
        "fields": {
            "ingredient": 3,
            "recipe": 282,
            "amount": 20.0,
            "measurement_unit": null
        }
    },
    {
        "model": "recipes.recipeingredient",
        "pk": 387,
        "fields": {
            "ingredient": 1,
            "recipe": 283,
            "amount": 10.0,
            "measurement_unit": null
        }
    },
    {
        "model": "recipes.recipeingredient",
        "pk": 388,
        "fields": {
            "ingredient": 3,
            "recipe": 283,
            "amount": 20.0,
            "measurement_unit": null
        }
    },
    {
        "model": "recipes.recipeingredient",
        "pk": 397,
        "fields": {
            "ingredient": 2,
            "recipe": 290,
            "amount": 10.0,
            "measurement_unit": null
        }
    },
    {
        "model": "recipes.recipeingredient",
        "pk": 398,
        "fields": {
            "ingredient": 3,
            "recipe": 290,
            "amount": 30.0,
            "measurement_unit": null
        }
    },
    {
        "model": "recipes.recipeingredient",
        "pk": 399,
        "fields": {
            "ingredient": 5,
            "recipe": 291,
            "amount": 10.0,
            "measurement_unit": null
        }
    },
    {
        "model": "recipes.recipeingredient",
        "pk": 400,
        "fields": {
            "ingredient": 6,
            "recipe": 291,
            "amount": 30.0,
            "measurement_unit": null
        }
    },
    {
        "model": "recipes.recipeingredient",
        "pk": 401,
        "fields": {
            "ingredient": 2,
            "recipe": 292,
            "amount": 10.0,
            "measurement_unit": null
        }
    },
    {
        "model": "recipes.recipeingredient",
        "pk": 402,
        "fields": {
            "ingredient": 3,
            "recipe": 292,
            "amount": 30.0,
            "measurement_unit": null
        }
    },
    {
        "model": "recipes.recipeingredient",
        "pk": 403,
        "fields": {
            "ingredient": 2,
            "recipe": 293,
            "amount": 10.0,
            "measurement_unit": null
        }
    },
    {
        "model": "recipes.recipeingredient",
        "pk": 404,
        "fields": {
            "ingredient": 3,
            "recipe": 293,
            "amount": 30.0,
            "measurement_unit": null
        }
    },
    {
        "model": "recipes.recipeingredient",
        "pk": 405,
        "fields": {
            "ingredient": 2,
            "recipe": 294,
            "amount": 10.0,
            "measurement_unit": null
        }
    },
    {
        "model": "recipes.recipeingredient",
        "pk": 406,
        "fields": {
            "ingredient": 3,
            "recipe": 294,
            "amount": 30.0,
            "measurement_unit": null
        }
    },
    {
        "model": "recipes.recipeingredient",
        "pk": 407,
        "fields": {
            "ingredient": 2,
            "recipe": 295,
            "amount": 10.0,
            "measurement_unit": null
        }
    },
    {
        "model": "recipes.recipeingredient",
        "pk": 408,
        "fields": {
            "ingredient": 3,
            "recipe": 295,
            "amount": 30.0,
            "measurement_unit": null
        }
    },
    {
        "model": "recipes.recipeingredient",
        "pk": 409,
        "fields": {
            "ingredient": 5,
            "recipe": 296,
            "amount": 500.0,
            "measurement_unit": null
        }
    },
    {
        "model": "recipes.recipeingredient",
        "pk": 410,
        "fields": {
            "ingredient": 1,
            "recipe": 296,
            "amount": 100.0,
            "measurement_unit": null
        }
    },
    {
        "model": "recipes.recipeingredient",
        "pk": 411,
        "fields": {
            "ingredient": 5,
            "recipe": 297,
            "amount": 500.0,
            "measurement_unit": null
        }
    },
    {
        "model": "recipes.recipeingredient",
        "pk": 412,
        "fields": {
            "ingredient": 1,
            "recipe": 297,
            "amount": 100.0,
            "measurement_unit": null
        }
    },
    {
        "model": "recipes.recipeingredient",
        "pk": 413,
        "fields": {
            "ingredient": 5,
            "recipe": 298,
            "amount": 500.0,
            "measurement_unit": null
        }
    },
    {
        "model": "recipes.recipeingredient",
        "pk": 414,
        "fields": {
            "ingredient": 1,
            "recipe": 298,
            "amount": 100.0,
            "measurement_unit": null
        }
    },
    {
        "model": "recipes.recipeingredient",
        "pk": 415,
        "fields": {
            "ingredient": 2,
            "recipe": 299,
            "amount": 10.0,
            "measurement_unit": null
        }
    },
    {
        "model": "recipes.recipeingredient",
        "pk": 416,
        "fields": {
            "ingredient": 3,
            "recipe": 299,
            "amount": 30.0,
            "measurement_unit": null
        }
    },
    {
        "model": "recipes.recipetag",
        "pk": 415,
        "fields": {
            "recipe": 222,
            "tag": 1
        }
    },
    {
        "model": "recipes.recipetag",
        "pk": 416,
        "fields": {
            "recipe": 222,
            "tag": 3
        }
    },
    {
        "model": "recipes.recipetag",
        "pk": 419,
        "fields": {
            "recipe": 223,
            "tag": 1
        }
    },
    {
        "model": "recipes.recipetag",
        "pk": 420,
        "fields": {
            "recipe": 223,
            "tag": 3
        }
    },
    {
        "model": "recipes.recipetag",
        "pk": 421,
        "fields": {
            "recipe": 224,
            "tag": 1
        }
    },
    {
        "model": "recipes.recipetag",
        "pk": 422,
        "fields": {
            "recipe": 224,
            "tag": 3
        }
    },
    {
        "model": "recipes.recipetag",
        "pk": 423,
        "fields": {
            "recipe": 225,
            "tag": 2
        }
    },
    {
        "model": "recipes.recipetag",
        "pk": 424,
        "fields": {
            "recipe": 226,
            "tag": 3
        }
    },
    {
        "model": "recipes.recipetag",
        "pk": 425,
        "fields": {
            "recipe": 227,
            "tag": 1
        }
    },
    {
        "model": "recipes.recipetag",
        "pk": 434,
        "fields": {
            "recipe": 233,
            "tag": 1
        }
    },
    {
        "model": "recipes.recipetag",
        "pk": 435,
        "fields": {
            "recipe": 233,
            "tag": 3
        }
    },
    {
        "model": "recipes.recipetag",
        "pk": 438,
        "fields": {
            "recipe": 234,
            "tag": 1
        }
    },
    {
        "model": "recipes.recipetag",
        "pk": 439,
        "fields": {
            "recipe": 234,
            "tag": 3
        }
    },
    {
        "model": "recipes.recipetag",
        "pk": 440,
        "fields": {
            "recipe": 235,
            "tag": 1
        }
    },
    {
        "model": "recipes.recipetag",
        "pk": 441,
        "fields": {
            "recipe": 235,
            "tag": 3
        }
    },
    {
        "model": "recipes.recipetag",
        "pk": 442,
        "fields": {
            "recipe": 236,
            "tag": 1
        }
    },
    {
        "model": "recipes.recipetag",
        "pk": 443,
        "fields": {
            "recipe": 236,
            "tag": 3
        }
    },
    {
        "model": "recipes.recipetag",
        "pk": 444,
        "fields": {
            "recipe": 237,
            "tag": 3
        }
    },
    {
        "model": "recipes.recipetag",
        "pk": 445,
        "fields": {
            "recipe": 238,
            "tag": 3
        }
    },
    {
        "model": "recipes.recipetag",
        "pk": 446,
        "fields": {
            "recipe": 239,
            "tag": 1
        }
    },
    {
        "model": "recipes.recipetag",
        "pk": 447,
        "fields": {
            "recipe": 239,
            "tag": 3
        }
    },
    {
        "model": "recipes.recipetag",
        "pk": 448,
        "fields": {
            "recipe": 240,
            "tag": 1
        }
    },
    {
        "model": "recipes.recipetag",
        "pk": 449,
        "fields": {
            "recipe": 240,
            "tag": 3
        }
    },
    {
        "model": "recipes.recipetag",
        "pk": 450,
        "fields": {
            "recipe": 241,
            "tag": 3
        }
    },
    {
        "model": "recipes.recipetag",
        "pk": 451,
        "fields": {
            "recipe": 242,
            "tag": 3
        }
    },
    {
        "model": "recipes.recipetag",
        "pk": 452,
        "fields": {
            "recipe": 243,
            "tag": 3
        }
    },
    {
        "model": "recipes.recipetag",
        "pk": 453,
        "fields": {
            "recipe": 244,
            "tag": 3
        }
    },
    {
        "model": "recipes.recipetag",
        "pk": 454,
        "fields": {
            "recipe": 245,
            "tag": 1
        }
    },
    {
        "model": "recipes.recipetag",
        "pk": 455,
        "fields": {
            "recipe": 245,
            "tag": 3
        }
    },
    {
        "model": "recipes.recipetag",
        "pk": 456,
        "fields": {
            "recipe": 246,
            "tag": 1
        }
    },
    {
        "model": "recipes.recipetag",
        "pk": 457,
        "fields": {
            "recipe": 246,
            "tag": 3
        }
    },
    {
        "model": "recipes.recipetag",
        "pk": 458,
        "fields": {
            "recipe": 247,
            "tag": 3
        }
    },
    {
        "model": "recipes.recipetag",
        "pk": 459,
        "fields": {
            "recipe": 248,
            "tag": 1
        }
    },
    {
        "model": "recipes.recipetag",
        "pk": 460,
        "fields": {
            "recipe": 248,
            "tag": 3
        }
    },
    {
        "model": "recipes.recipetag",
        "pk": 461,
        "fields": {
            "recipe": 249,
            "tag": 1
        }
    },
    {
        "model": "recipes.recipetag",
        "pk": 462,
        "fields": {
            "recipe": 249,
            "tag": 3
        }
    },
    {
        "model": "recipes.recipetag",
        "pk": 463,
        "fields": {
            "recipe": 250,
            "tag": 3
        }
    },
    {
        "model": "recipes.recipetag",
        "pk": 464,
        "fields": {
            "recipe": 251,
            "tag": 1
        }
    },
    {
        "model": "recipes.recipetag",
        "pk": 465,
        "fields": {
            "recipe": 251,
            "tag": 3
        }
    },
    {
        "model": "recipes.recipetag",
        "pk": 466,
        "fields": {
            "recipe": 252,
            "tag": 1
        }
    },
    {
        "model": "recipes.recipetag",
        "pk": 467,
        "fields": {
            "recipe": 252,
            "tag": 3
        }
    },
    {
        "model": "recipes.recipetag",
        "pk": 468,
        "fields": {
            "recipe": 253,
            "tag": 1
        }
    },
    {
        "model": "recipes.recipetag",
        "pk": 469,
        "fields": {
            "recipe": 253,
            "tag": 3
        }
    },
    {
        "model": "recipes.recipetag",
        "pk": 470,
        "fields": {
            "recipe": 254,
            "tag": 1
        }
    },
    {
        "model": "recipes.recipetag",
        "pk": 471,
        "fields": {
            "recipe": 254,
            "tag": 3
        }
    },
    {
        "model": "recipes.recipetag",
        "pk": 472,
        "fields": {
            "recipe": 255,
            "tag": 1
        }
    },
    {
        "model": "recipes.recipetag",
        "pk": 473,
        "fields": {
            "recipe": 255,
            "tag": 3
        }
    },
    {
        "model": "recipes.recipetag",
        "pk": 474,
        "fields": {
            "recipe": 256,
            "tag": 1
        }
    },
    {
        "model": "recipes.recipetag",
        "pk": 475,
        "fields": {
            "recipe": 256,
            "tag": 3
        }
    },
    {
        "model": "recipes.recipetag",
        "pk": 476,
        "fields": {
            "recipe": 257,
            "tag": 1
        }
    },
    {
        "model": "recipes.recipetag",
        "pk": 477,
        "fields": {
            "recipe": 257,
            "tag": 3
        }
    },
    {
        "model": "recipes.recipetag",
        "pk": 478,
        "fields": {
            "recipe": 258,
            "tag": 1
        }
    },
    {
        "model": "recipes.recipetag",
        "pk": 479,
        "fields": {
            "recipe": 258,
            "tag": 3
        }
    },
    {
        "model": "recipes.recipetag",
        "pk": 480,
        "fields": {
            "recipe": 259,
            "tag": 1
        }
    },
    {
        "model": "recipes.recipetag",
        "pk": 481,
        "fields": {
            "recipe": 259,
            "tag": 3
        }
    },
    {
        "model": "recipes.recipetag",
        "pk": 482,
        "fields": {
            "recipe": 260,
            "tag": 1
        }
    },
    {
        "model": "recipes.recipetag",
        "pk": 483,
        "fields": {
            "recipe": 260,
            "tag": 3
        }
    },
    {
        "model": "recipes.recipetag",
        "pk": 484,
        "fields": {
            "recipe": 261,
            "tag": 1
        }
    },
    {
        "model": "recipes.recipetag",
        "pk": 485,
        "fields": {
            "recipe": 261,
            "tag": 3
        }
    },
    {
        "model": "recipes.recipetag",
        "pk": 486,
        "fields": {
            "recipe": 262,
            "tag": 1
        }
    },
    {
        "model": "recipes.recipetag",
        "pk": 487,
        "fields": {
            "recipe": 262,
            "tag": 3
        }
    },
    {
        "model": "recipes.recipetag",
        "pk": 488,
        "fields": {
            "recipe": 263,
            "tag": 1
        }
    },
    {
        "model": "recipes.recipetag",
        "pk": 489,
        "fields": {
            "recipe": 263,
            "tag": 3
        }
    },
    {
        "model": "recipes.recipetag",
        "pk": 490,
        "fields": {
            "recipe": 264,
            "tag": 1
        }
    },
    {
        "model": "recipes.recipetag",
        "pk": 491,
        "fields": {
            "recipe": 264,
            "tag": 3
        }
    },
    {
        "model": "recipes.recipetag",
        "pk": 492,
        "fields": {
            "recipe": 265,
            "tag": 1
        }
    },
    {
        "model": "recipes.recipetag",
        "pk": 493,
        "fields": {
            "recipe": 265,
            "tag": 3
        }
    },
    {
        "model": "recipes.recipetag",
        "pk": 494,
        "fields": {
            "recipe": 266,
            "tag": 1
        }
    },
    {
        "model": "recipes.recipetag",
        "pk": 495,
        "fields": {
            "recipe": 266,
            "tag": 3
        }
    },
    {
        "model": "recipes.recipetag",
        "pk": 496,
        "fields": {
            "recipe": 267,
            "tag": 1
        }
    },
    {
        "model": "recipes.recipetag",
        "pk": 497,
        "fields": {
            "recipe": 267,
            "tag": 3
        }
    },
    {
        "model": "recipes.recipetag",
        "pk": 498,
        "fields": {
            "recipe": 268,
            "tag": 1
        }
    },
    {
        "model": "recipes.recipetag",
        "pk": 499,
        "fields": {
            "recipe": 268,
            "tag": 3
        }
    },
    {
        "model": "recipes.recipetag",
        "pk": 500,
        "fields": {
            "recipe": 269,
            "tag": 1
        }
    },
    {
        "model": "recipes.recipetag",
        "pk": 501,
        "fields": {
            "recipe": 269,
            "tag": 3
        }
    },
    {
        "model": "recipes.recipetag",
        "pk": 502,
        "fields": {
            "recipe": 270,
            "tag": 1
        }
    },
    {
        "model": "recipes.recipetag",
        "pk": 503,
        "fields": {
            "recipe": 270,
            "tag": 3
        }
    },
    {
        "model": "recipes.recipetag",
        "pk": 504,
        "fields": {
            "recipe": 271,
            "tag": 1
        }
    },
    {
        "model": "recipes.recipetag",
        "pk": 505,
        "fields": {
            "recipe": 271,
            "tag": 3
        }
    },
    {
        "model": "recipes.recipetag",
        "pk": 506,
        "fields": {
            "recipe": 272,
            "tag": 1
        }
    },
    {
        "model": "recipes.recipetag",
        "pk": 507,
        "fields": {
            "recipe": 272,
            "tag": 3
        }
    },
    {
        "model": "recipes.recipetag",
        "pk": 508,
        "fields": {
            "recipe": 273,
            "tag": 1
        }
    },
    {
        "model": "recipes.recipetag",
        "pk": 509,
        "fields": {
            "recipe": 273,
            "tag": 3
        }
    },
    {
        "model": "recipes.recipetag",
        "pk": 510,
        "fields": {
            "recipe": 274,
            "tag": 1
        }
    },
    {
        "model": "recipes.recipetag",
        "pk": 511,
        "fields": {
            "recipe": 274,
            "tag": 3
        }
    },
    {
        "model": "recipes.recipetag",
        "pk": 512,
        "fields": {
            "recipe": 275,
            "tag": 1
        }
    },
    {
        "model": "recipes.recipetag",
        "pk": 513,
        "fields": {
            "recipe": 275,
            "tag": 3
        }
    },
    {
        "model": "recipes.recipetag",
        "pk": 514,
        "fields": {
            "recipe": 276,
            "tag": 1
        }
    },
    {
        "model": "recipes.recipetag",
        "pk": 515,
        "fields": {
            "recipe": 276,
            "tag": 3
        }
    },
    {
        "model": "recipes.recipetag",
        "pk": 516,
        "fields": {
            "recipe": 277,
            "tag": 1
        }
    },
    {
        "model": "recipes.recipetag",
        "pk": 517,
        "fields": {
            "recipe": 277,
            "tag": 3
        }
    },
    {
        "model": "recipes.recipetag",
        "pk": 518,
        "fields": {
            "recipe": 278,
            "tag": 1
        }
    },
    {
        "model": "recipes.recipetag",
        "pk": 519,
        "fields": {
            "recipe": 278,
            "tag": 3
        }
    },
    {
        "model": "recipes.recipetag",
        "pk": 520,
        "fields": {
            "recipe": 279,
            "tag": 1
        }
    },
    {
        "model": "recipes.recipetag",
        "pk": 521,
        "fields": {
            "recipe": 279,
            "tag": 3
        }
    },
    {
        "model": "recipes.recipetag",
        "pk": 522,
        "fields": {
            "recipe": 280,
            "tag": 1
        }
    },
    {
        "model": "recipes.recipetag",
        "pk": 523,
        "fields": {
            "recipe": 280,
            "tag": 3
        }
    },
    {
        "model": "recipes.recipetag",
        "pk": 524,
        "fields": {
            "recipe": 281,
            "tag": 1
        }
    },
    {
        "model": "recipes.recipetag",
        "pk": 525,
        "fields": {
            "recipe": 281,
            "tag": 3
        }
    },
    {
        "model": "recipes.recipetag",
        "pk": 526,
        "fields": {
            "recipe": 282,
            "tag": 1
        }
    },
    {
        "model": "recipes.recipetag",
        "pk": 527,
        "fields": {
            "recipe": 282,
            "tag": 3
        }
    },
    {
        "model": "recipes.recipetag",
        "pk": 528,
        "fields": {
            "recipe": 283,
            "tag": 1
        }
    },
    {
        "model": "recipes.recipetag",
        "pk": 529,
        "fields": {
            "recipe": 283,
            "tag": 3
        }
    },
    {
        "model": "recipes.recipetag",
        "pk": 538,
        "fields": {
            "recipe": 289,
            "tag": 1
        }
    },
    {
        "model": "recipes.recipetag",
        "pk": 539,
        "fields": {
            "recipe": 289,
            "tag": 3
        }
    },
    {
        "model": "recipes.recipetag",
        "pk": 542,
        "fields": {
            "recipe": 290,
            "tag": 1
        }
    },
    {
        "model": "recipes.recipetag",
        "pk": 543,
        "fields": {
            "recipe": 290,
            "tag": 3
        }
    },
    {
        "model": "recipes.recipetag",
        "pk": 544,
        "fields": {
            "recipe": 291,
            "tag": 1
        }
    },
    {
        "model": "recipes.recipetag",
        "pk": 545,
        "fields": {
            "recipe": 291,
            "tag": 3
        }
    },
    {
        "model": "recipes.recipetag",
        "pk": 546,
        "fields": {
            "recipe": 292,
            "tag": 1
        }
    },
    {
        "model": "recipes.recipetag",
        "pk": 547,
        "fields": {
            "recipe": 292,
            "tag": 3
        }
    },
    {
        "model": "recipes.recipetag",
        "pk": 548,
        "fields": {
            "recipe": 293,
            "tag": 1
        }
    },
    {
        "model": "recipes.recipetag",
        "pk": 549,
        "fields": {
            "recipe": 293,
            "tag": 3
        }
    },
    {
        "model": "recipes.recipetag",
        "pk": 550,
        "fields": {
            "recipe": 294,
            "tag": 1
        }
    },
    {
        "model": "recipes.recipetag",
        "pk": 551,
        "fields": {
            "recipe": 294,
            "tag": 3
        }
    },
    {
        "model": "recipes.recipetag",
        "pk": 552,
        "fields": {
            "recipe": 295,
            "tag": 1
        }
    },
    {
        "model": "recipes.recipetag",
        "pk": 553,
        "fields": {
            "recipe": 295,
            "tag": 3
        }
    },
    {
        "model": "recipes.recipetag",
        "pk": 554,
        "fields": {
            "recipe": 296,
            "tag": 4
        }
    },
    {
        "model": "recipes.recipetag",
        "pk": 555,
        "fields": {
            "recipe": 297,
            "tag": 4
        }
    },
    {
        "model": "recipes.recipetag",
        "pk": 556,
        "fields": {
            "recipe": 298,
            "tag": 4
        }
    },
    {
        "model": "recipes.recipetag",
        "pk": 557,
        "fields": {
            "recipe": 299,
            "tag": 1
        }
    },
    {
        "model": "recipes.recipetag",
        "pk": 558,
        "fields": {
            "recipe": 299,
            "tag": 3
        }
    },
    {
        "model": "recipes.favorites",
        "pk": 6,
        "fields": {
            "recipe": 226,
            "user": 7,
            "created_at": "2024-01-31T14:51:11.343Z"
        }
    },
    {
        "model": "recipes.shoppingcart",
        "pk": 12,
        "fields": {
            "user": 7,
            "recipe": 222
        }
    },
    {
        "model": "recipes.shoppingcart",
        "pk": 13,
        "fields": {
            "user": 7,
            "recipe": 225
        }
    },
    {
        "model": "recipes.shoppingcart",
        "pk": 14,
        "fields": {
            "user": 7,
            "recipe": 227
        }
    },
    {
        "model": "recipes.shoppingcart",
        "pk": 16,
        "fields": {
            "user": 7,
            "recipe": 226
        }
    },
    {
        "model": "users.user",
        "pk": 1,
        "fields": {
            "password": "pbkdf2_sha256$260000$OIZQzUDrRtSYy08iUQ2H2n$7YZV3RRjC/l8rzfhyDAPeHE8iE7fqBoCnS8cQDUTiDA=",
            "last_login": "2024-02-01T12:39:43.899Z",
            "is_superuser": true,
            "is_staff": true,
            "is_active": true,
            "date_joined": "2024-01-22T11:18:33.585Z",
            "username": "root",
            "email": "root@mail.fake",
            "first_name": "Root",
            "last_name": "First",
            "groups": [],
            "user_permissions": []
        }
    },
    {
        "model": "users.user",
        "pk": 7,
        "fields": {
            "password": "pbkdf2_sha256$260000$qKDWAbefJJHUYDIPOrPbks$XsmpTDoKMC3tmJiBp9PqKhBnaaDtW4ZMzVUT/i2FNb0=",
            "last_login": null,
            "is_superuser": false,
            "is_staff": false,
            "is_active": true,
            "date_joined": "2024-01-31T13:30:16.098Z",
            "username": "vasya.pupkin",
            "email": "vpupkin@yandex.ru",
            "first_name": "Вася",
            "last_name": "Пупкин",
            "groups": [],
            "user_permissions": []
        }
    },
    {
        "model": "users.user",
        "pk": 8,
        "fields": {
            "password": "pbkdf2_sha256$260000$EFJWXjftyRHIETiUl3P35C$qyIGWh1cv9S5DJ3vWX7LsQhEiSBsxdb94auOa20tO24=",
            "last_login": null,
            "is_superuser": false,
            "is_staff": false,
            "is_active": true,
            "date_joined": "2024-01-31T13:30:16.300Z",
            "username": "second-user",
            "email": "second_user@email.org",
            "first_name": "Андрей",
            "last_name": "Макаревский",
            "groups": [],
            "user_permissions": []
        }
    },
    {
        "model": "users.user",
        "pk": 9,
        "fields": {
            "password": "pbkdf2_sha256$260000$YCSq7ZoTkQVkReebw58MOm$sCk8/hB4eDpEFpVh9nn3AnrnJAH9i63Xi3Elii4Ripk=",
            "last_login": null,
            "is_superuser": false,
            "is_staff": false,
            "is_active": true,
            "date_joined": "2024-01-31T13:30:16Z",
            "username": "alpha",
            "email": "third-user@user.ru",
            "first_name": "Гордон",
            "last_name": "Рамзиков",
            "groups": [],
            "user_permissions": []
        }
    },
    {
        "model": "users.user",
        "pk": 10,
        "fields": {
            "password": "pbkdf2_sha256$260000$f7TXGurCpUytL3OMFlHDfB$cTiHMSVBXJSjh3ELgNT+nUhEmM3MGvxn3QJgv77wSiw=",
            "last_login": null,
            "is_superuser": false,
            "is_staff": false,
            "is_active": true,
            "date_joined": "2024-02-01T11:26:33.615Z",
            "username": "abcabcdefgh",
            "email": "abcdefgh@mail.fake",
            "first_name": "Abcdefgh",
            "last_name": "ABCDEfgh",
            "groups": [],
            "user_permissions": []
        }
    },
    {
        "model": "users.subscription",
        "pk": 24,
        "fields": {
            "follower": 7,
            "following": 7
        }
    },
    {
        "model": "admin.logentry",
        "pk": 1,
        "fields": {
            "action_time": "2024-01-22T11:20:14.702Z",
            "user": 1,
            "content_type": 2,
            "object_id": "1",
            "object_repr": "мл",
            "action_flag": 1,
            "change_message": "[{\"added\": {}}]"
        }
    },
    {
        "model": "admin.logentry",
        "pk": 2,
        "fields": {
            "action_time": "2024-01-22T11:20:19.027Z",
            "user": 1,
            "content_type": 2,
            "object_id": "2",
            "object_repr": "кг",
            "action_flag": 1,
            "change_message": "[{\"added\": {}}]"
        }
    },
    {
        "model": "admin.logentry",
        "pk": 3,
        "fields": {
            "action_time": "2024-01-22T11:20:24.960Z",
            "user": 1,
            "content_type": 2,
            "object_id": "3",
            "object_repr": "г",
            "action_flag": 1,
            "change_message": "[{\"added\": {}}]"
        }
    },
    {
        "model": "admin.logentry",
        "pk": 4,
        "fields": {
            "action_time": "2024-01-22T11:20:29.297Z",
            "user": 1,
            "content_type": 2,
            "object_id": "4",
            "object_repr": "шт",
            "action_flag": 1,
            "change_message": "[{\"added\": {}}]"
        }
    },
    {
        "model": "admin.logentry",
        "pk": 5,
        "fields": {
            "action_time": "2024-01-22T11:20:38.804Z",
            "user": 1,
            "content_type": 2,
            "object_id": "5",
            "object_repr": "л",
            "action_flag": 1,
            "change_message": "[{\"added\": {}}]"
        }
    },
    {
        "model": "admin.logentry",
        "pk": 6,
        "fields": {
            "action_time": "2024-01-22T11:21:00.347Z",
            "user": 1,
            "content_type": 2,
            "object_id": "6",
            "object_repr": "пучок",
            "action_flag": 1,
            "change_message": "[{\"added\": {}}]"
        }
    },
    {
        "model": "admin.logentry",
        "pk": 7,
        "fields": {
            "action_time": "2024-01-22T11:21:20.795Z",
            "user": 1,
            "content_type": 1,
            "object_id": "1",
            "object_repr": "Вода",
            "action_flag": 1,
            "change_message": "[{\"added\": {}}]"
        }
    },
    {
        "model": "admin.logentry",
        "pk": 8,
        "fields": {
            "action_time": "2024-01-22T11:21:28.935Z",
            "user": 1,
            "content_type": 1,
            "object_id": "2",
            "object_repr": "Соль",
            "action_flag": 1,
            "change_message": "[{\"added\": {}}]"
        }
    },
    {
        "model": "admin.logentry",
        "pk": 9,
        "fields": {
            "action_time": "2024-01-22T11:21:40.409Z",
            "user": 1,
            "content_type": 1,
            "object_id": "3",
            "object_repr": "Мука",
            "action_flag": 1,
            "change_message": "[{\"added\": {}}]"
        }
    },
    {
        "model": "admin.logentry",
        "pk": 10,
        "fields": {
            "action_time": "2024-01-22T11:21:51.721Z",
            "user": 1,
            "content_type": 1,
            "object_id": "4",
            "object_repr": "Сахар",
            "action_flag": 1,
            "change_message": "[{\"added\": {}}]"
        }
    },
    {
        "model": "admin.logentry",
        "pk": 11,
        "fields": {
            "action_time": "2024-01-22T11:22:01.474Z",
            "user": 1,
            "content_type": 1,
            "object_id": "5",
            "object_repr": "Яйцо",
            "action_flag": 1,
            "change_message": "[{\"added\": {}}]"
        }
    },
    {
        "model": "admin.logentry",
        "pk": 12,
        "fields": {
            "action_time": "2024-01-22T11:22:46.393Z",
            "user": 1,
            "content_type": 4,
            "object_id": "1",
            "object_repr": "Завтрак",
            "action_flag": 1,
            "change_message": "[{\"added\": {}}]"
        }
    },
    {
        "model": "admin.logentry",
        "pk": 13,
        "fields": {
            "action_time": "2024-01-22T11:25:53.595Z",
            "user": 1,
            "content_type": 4,
            "object_id": "2",
            "object_repr": "Обед",
            "action_flag": 1,
            "change_message": "[{\"added\": {}}]"
        }
    },
    {
        "model": "admin.logentry",
        "pk": 14,
        "fields": {
            "action_time": "2024-01-22T11:27:18.757Z",
            "user": 1,
            "content_type": 3,
            "object_id": "1",
            "object_repr": "Лепешки",
            "action_flag": 1,
            "change_message": "[{\"added\": {}}, {\"added\": {\"name\": \"recipe ingredient\", \"object\": \"\\u041b\\u0435\\u043f\\u0435\\u0448\\u043a\\u0438 \\u041c\\u0443\\u043a\\u0430\"}}, {\"added\": {\"name\": \"recipe ingredient\", \"object\": \"\\u041b\\u0435\\u043f\\u0435\\u0448\\u043a\\u0438 \\u0412\\u043e\\u0434\\u0430\"}}, {\"added\": {\"name\": \"recipe ingredient\", \"object\": \"\\u041b\\u0435\\u043f\\u0435\\u0448\\u043a\\u0438 \\u0421\\u0430\\u0445\\u0430\\u0440\"}}, {\"added\": {\"name\": \"recipe ingredient\", \"object\": \"\\u041b\\u0435\\u043f\\u0435\\u0448\\u043a\\u0438 \\u0421\\u043e\\u043b\\u044c\"}}, {\"added\": {\"name\": \"recipe ingredient\", \"object\": \"\\u041b\\u0435\\u043f\\u0435\\u0448\\u043a\\u0438 \\u042f\\u0439\\u0446\\u043e\"}}, {\"added\": {\"name\": \"recipe tag\", \"object\": \"\\u041b\\u0435\\u043f\\u0435\\u0448\\u043a\\u0438 \\u0417\\u0430\\u0432\\u0442\\u0440\\u0430\\u043a\"}}]"
        }
    },
    {
        "model": "admin.logentry",
        "pk": 15,
        "fields": {
            "action_time": "2024-01-22T11:28:43.384Z",
            "user": 1,
            "content_type": 9,
            "object_id": "2",
            "object_repr": "user1",
            "action_flag": 1,
            "change_message": "[{\"added\": {}}]"
        }
    },
    {
        "model": "admin.logentry",
        "pk": 16,
        "fields": {
            "action_time": "2024-01-22T11:29:41.565Z",
            "user": 1,
            "content_type": 3,
            "object_id": "2",
            "object_repr": "Омлет",
            "action_flag": 1,
            "change_message": "[{\"added\": {}}, {\"added\": {\"name\": \"recipe ingredient\", \"object\": \"\\u041e\\u043c\\u043b\\u0435\\u0442 \\u042f\\u0439\\u0446\\u043e\"}}, {\"added\": {\"name\": \"recipe ingredient\", \"object\": \"\\u041e\\u043c\\u043b\\u0435\\u0442 \\u0421\\u043e\\u043b\\u044c\"}}, {\"added\": {\"name\": \"recipe tag\", \"object\": \"\\u041e\\u043c\\u043b\\u0435\\u0442 \\u0417\\u0430\\u0432\\u0442\\u0440\\u0430\\u043a\"}}]"
        }
    },
    {
        "model": "admin.logentry",
        "pk": 17,
        "fields": {
            "action_time": "2024-01-22T11:37:42.099Z",
            "user": 1,
            "content_type": 4,
            "object_id": "3",
            "object_repr": "Веган",
            "action_flag": 1,
            "change_message": "[{\"added\": {}}]"
        }
    },
    {
        "model": "admin.logentry",
        "pk": 18,
        "fields": {
            "action_time": "2024-01-22T22:07:18.246Z",
            "user": 1,
            "content_type": 3,
            "object_id": "21",
            "object_repr": "Нечто съедобное (это не точно)",
            "action_flag": 3,
            "change_message": ""
        }
    },
    {
        "model": "admin.logentry",
        "pk": 19,
        "fields": {
            "action_time": "2024-01-22T22:07:18.264Z",
            "user": 1,
            "content_type": 3,
            "object_id": "20",
            "object_repr": "Нечто съедобное (это не точно)",
            "action_flag": 3,
            "change_message": ""
        }
    },
    {
        "model": "admin.logentry",
        "pk": 20,
        "fields": {
            "action_time": "2024-01-22T22:07:18.275Z",
            "user": 1,
            "content_type": 3,
            "object_id": "19",
            "object_repr": "Нечто съедобное (это не точно)",
            "action_flag": 3,
            "change_message": ""
        }
    },
    {
        "model": "admin.logentry",
        "pk": 21,
        "fields": {
            "action_time": "2024-01-22T22:07:18.286Z",
            "user": 1,
            "content_type": 3,
            "object_id": "18",
            "object_repr": "Нечто съедобное (это не точно)",
            "action_flag": 3,
            "change_message": ""
        }
    },
    {
        "model": "admin.logentry",
        "pk": 22,
        "fields": {
            "action_time": "2024-01-22T22:07:18.297Z",
            "user": 1,
            "content_type": 3,
            "object_id": "17",
            "object_repr": "Нечто съедобное (это не точно)",
            "action_flag": 3,
            "change_message": ""
        }
    },
    {
        "model": "admin.logentry",
        "pk": 23,
        "fields": {
            "action_time": "2024-01-22T22:07:18.307Z",
            "user": 1,
            "content_type": 3,
            "object_id": "16",
            "object_repr": "Нечто съедобное (это не точно)",
            "action_flag": 3,
            "change_message": ""
        }
    },
    {
        "model": "admin.logentry",
        "pk": 24,
        "fields": {
            "action_time": "2024-01-22T22:07:18.319Z",
            "user": 1,
            "content_type": 3,
            "object_id": "15",
            "object_repr": "Нечто съедобное (это не точно)",
            "action_flag": 3,
            "change_message": ""
        }
    },
    {
        "model": "admin.logentry",
        "pk": 25,
        "fields": {
            "action_time": "2024-01-22T22:07:18.330Z",
            "user": 1,
            "content_type": 3,
            "object_id": "14",
            "object_repr": "Нечто съедобное (это не точно)",
            "action_flag": 3,
            "change_message": ""
        }
    },
    {
        "model": "admin.logentry",
        "pk": 26,
        "fields": {
            "action_time": "2024-01-22T22:07:18.341Z",
            "user": 1,
            "content_type": 3,
            "object_id": "13",
            "object_repr": "Нечто съедобное (это не точно)",
            "action_flag": 3,
            "change_message": ""
        }
    },
    {
        "model": "admin.logentry",
        "pk": 27,
        "fields": {
            "action_time": "2024-01-22T22:07:18.352Z",
            "user": 1,
            "content_type": 3,
            "object_id": "12",
            "object_repr": "Нечто съедобное (это не точно)",
            "action_flag": 3,
            "change_message": ""
        }
    },
    {
        "model": "admin.logentry",
        "pk": 28,
        "fields": {
            "action_time": "2024-01-22T22:07:18.363Z",
            "user": 1,
            "content_type": 3,
            "object_id": "11",
            "object_repr": "Нечто съедобное (это не точно)",
            "action_flag": 3,
            "change_message": ""
        }
    },
    {
        "model": "admin.logentry",
        "pk": 29,
        "fields": {
            "action_time": "2024-01-22T22:07:18.374Z",
            "user": 1,
            "content_type": 3,
            "object_id": "10",
            "object_repr": "Нечто съедобное (это не точно)",
            "action_flag": 3,
            "change_message": ""
        }
    },
    {
        "model": "admin.logentry",
        "pk": 30,
        "fields": {
            "action_time": "2024-01-22T22:07:18.385Z",
            "user": 1,
            "content_type": 3,
            "object_id": "9",
            "object_repr": "Нечто съедобное (это не точно)",
            "action_flag": 3,
            "change_message": ""
        }
    },
    {
        "model": "admin.logentry",
        "pk": 31,
        "fields": {
            "action_time": "2024-01-22T22:07:18.396Z",
            "user": 1,
            "content_type": 3,
            "object_id": "8",
            "object_repr": "Нечто съедобное (это не точно)",
            "action_flag": 3,
            "change_message": ""
        }
    },
    {
        "model": "admin.logentry",
        "pk": 32,
        "fields": {
            "action_time": "2024-01-22T22:07:18.407Z",
            "user": 1,
            "content_type": 3,
            "object_id": "7",
            "object_repr": "Нечто съедобное (это не точно)",
            "action_flag": 3,
            "change_message": ""
        }
    },
    {
        "model": "admin.logentry",
        "pk": 33,
        "fields": {
            "action_time": "2024-01-22T22:07:18.418Z",
            "user": 1,
            "content_type": 3,
            "object_id": "6",
            "object_repr": "Нечто съедобное (это не точно)",
            "action_flag": 3,
            "change_message": ""
        }
    },
    {
        "model": "admin.logentry",
        "pk": 34,
        "fields": {
            "action_time": "2024-01-22T22:07:18.429Z",
            "user": 1,
            "content_type": 3,
            "object_id": "5",
            "object_repr": "Нечто съедобное (это не точно)",
            "action_flag": 3,
            "change_message": ""
        }
    },
    {
        "model": "admin.logentry",
        "pk": 35,
        "fields": {
            "action_time": "2024-01-22T22:07:18.440Z",
            "user": 1,
            "content_type": 3,
            "object_id": "4",
            "object_repr": "Нечто съедобное (это не точно)",
            "action_flag": 3,
            "change_message": ""
        }
    },
    {
        "model": "admin.logentry",
        "pk": 36,
        "fields": {
            "action_time": "2024-01-22T22:07:18.450Z",
            "user": 1,
            "content_type": 3,
            "object_id": "3",
            "object_repr": "Нечто съедобное (это не точно)",
            "action_flag": 3,
            "change_message": ""
        }
    },
    {
        "model": "admin.logentry",
        "pk": 37,
        "fields": {
            "action_time": "2024-01-22T23:04:05.235Z",
            "user": 1,
            "content_type": 3,
            "object_id": "38",
            "object_repr": "Нечто съедобное (это не точно)",
            "action_flag": 3,
            "change_message": ""
        }
    },
    {
        "model": "admin.logentry",
        "pk": 38,
        "fields": {
            "action_time": "2024-01-22T23:04:05.251Z",
            "user": 1,
            "content_type": 3,
            "object_id": "37",
            "object_repr": "Нечто съедобное (это не точно)",
            "action_flag": 3,
            "change_message": ""
        }
    },
    {
        "model": "admin.logentry",
        "pk": 39,
        "fields": {
            "action_time": "2024-01-22T23:04:05.262Z",
            "user": 1,
            "content_type": 3,
            "object_id": "36",
            "object_repr": "Нечто съедобное (это не точно)",
            "action_flag": 3,
            "change_message": ""
        }
    },
    {
        "model": "admin.logentry",
        "pk": 40,
        "fields": {
            "action_time": "2024-01-22T23:04:05.272Z",
            "user": 1,
            "content_type": 3,
            "object_id": "35",
            "object_repr": "Нечто съедобное (это не точно)",
            "action_flag": 3,
            "change_message": ""
        }
    },
    {
        "model": "admin.logentry",
        "pk": 41,
        "fields": {
            "action_time": "2024-01-22T23:04:05.283Z",
            "user": 1,
            "content_type": 3,
            "object_id": "34",
            "object_repr": "Нечто съедобное (это не точно)",
            "action_flag": 3,
            "change_message": ""
        }
    },
    {
        "model": "admin.logentry",
        "pk": 42,
        "fields": {
            "action_time": "2024-01-22T23:04:05.294Z",
            "user": 1,
            "content_type": 3,
            "object_id": "33",
            "object_repr": "Нечто съедобное (это не точно)",
            "action_flag": 3,
            "change_message": ""
        }
    },
    {
        "model": "admin.logentry",
        "pk": 43,
        "fields": {
            "action_time": "2024-01-22T23:04:05.305Z",
            "user": 1,
            "content_type": 3,
            "object_id": "32",
            "object_repr": "Нечто съедобное (это не точно)",
            "action_flag": 3,
            "change_message": ""
        }
    },
    {
        "model": "admin.logentry",
        "pk": 44,
        "fields": {
            "action_time": "2024-01-22T23:04:05.316Z",
            "user": 1,
            "content_type": 3,
            "object_id": "31",
            "object_repr": "Нечто съедобное (это не точно)",
            "action_flag": 3,
            "change_message": ""
        }
    },
    {
        "model": "admin.logentry",
        "pk": 45,
        "fields": {
            "action_time": "2024-01-22T23:04:05.326Z",
            "user": 1,
            "content_type": 3,
            "object_id": "30",
            "object_repr": "Нечто съедобное (это не точно)",
            "action_flag": 3,
            "change_message": ""
        }
    },
    {
        "model": "admin.logentry",
        "pk": 46,
        "fields": {
            "action_time": "2024-01-22T23:04:05.337Z",
            "user": 1,
            "content_type": 3,
            "object_id": "29",
            "object_repr": "Нечто съедобное (это не точно)",
            "action_flag": 3,
            "change_message": ""
        }
    },
    {
        "model": "admin.logentry",
        "pk": 47,
        "fields": {
            "action_time": "2024-01-22T23:04:05.348Z",
            "user": 1,
            "content_type": 3,
            "object_id": "28",
            "object_repr": "Нечто съедобное (это не точно)",
            "action_flag": 3,
            "change_message": ""
        }
    },
    {
        "model": "admin.logentry",
        "pk": 48,
        "fields": {
            "action_time": "2024-01-22T23:04:05.359Z",
            "user": 1,
            "content_type": 3,
            "object_id": "27",
            "object_repr": "Нечто съедобное (это не точно)",
            "action_flag": 3,
            "change_message": ""
        }
    },
    {
        "model": "admin.logentry",
        "pk": 49,
        "fields": {
            "action_time": "2024-01-22T23:04:05.370Z",
            "user": 1,
            "content_type": 3,
            "object_id": "26",
            "object_repr": "Нечто съедобное (это не точно)",
            "action_flag": 3,
            "change_message": ""
        }
    },
    {
        "model": "admin.logentry",
        "pk": 50,
        "fields": {
            "action_time": "2024-01-22T23:04:05.381Z",
            "user": 1,
            "content_type": 3,
            "object_id": "25",
            "object_repr": "Нечто съедобное (это не точно)",
            "action_flag": 3,
            "change_message": ""
        }
    },
    {
        "model": "admin.logentry",
        "pk": 51,
        "fields": {
            "action_time": "2024-01-22T23:04:05.391Z",
            "user": 1,
            "content_type": 3,
            "object_id": "24",
            "object_repr": "Нечто съедобное (это не точно)",
            "action_flag": 3,
            "change_message": ""
        }
    },
    {
        "model": "admin.logentry",
        "pk": 52,
        "fields": {
            "action_time": "2024-01-22T23:04:05.402Z",
            "user": 1,
            "content_type": 3,
            "object_id": "23",
            "object_repr": "Нечто съедобное (это не точно)",
            "action_flag": 3,
            "change_message": ""
        }
    },
    {
        "model": "admin.logentry",
        "pk": 53,
        "fields": {
            "action_time": "2024-01-22T23:04:05.413Z",
            "user": 1,
            "content_type": 3,
            "object_id": "22",
            "object_repr": "Нечто съедобное (это не точно)",
            "action_flag": 3,
            "change_message": ""
        }
    },
    {
        "model": "admin.logentry",
        "pk": 54,
        "fields": {
            "action_time": "2024-01-23T08:10:01.500Z",
            "user": 1,
            "content_type": 3,
            "object_id": "47",
            "object_repr": "Нечто съедобное (это не точно)",
            "action_flag": 3,
            "change_message": ""
        }
    },
    {
        "model": "admin.logentry",
        "pk": 55,
        "fields": {
            "action_time": "2024-01-23T08:10:01.511Z",
            "user": 1,
            "content_type": 3,
            "object_id": "46",
            "object_repr": "Нечто съедобное (это не точно)",
            "action_flag": 3,
            "change_message": ""
        }
    },
    {
        "model": "admin.logentry",
        "pk": 56,
        "fields": {
            "action_time": "2024-01-23T08:10:01.523Z",
            "user": 1,
            "content_type": 3,
            "object_id": "45",
            "object_repr": "Нечто съедобное (это не точно)",
            "action_flag": 3,
            "change_message": ""
        }
    },
    {
        "model": "admin.logentry",
        "pk": 57,
        "fields": {
            "action_time": "2024-01-23T08:10:01.535Z",
            "user": 1,
            "content_type": 3,
            "object_id": "44",
            "object_repr": "Нечто съедобное (это не точно)",
            "action_flag": 3,
            "change_message": ""
        }
    },
    {
        "model": "admin.logentry",
        "pk": 58,
        "fields": {
            "action_time": "2024-01-23T08:10:01.546Z",
            "user": 1,
            "content_type": 3,
            "object_id": "43",
            "object_repr": "Нечто съедобное (это не точно)",
            "action_flag": 3,
            "change_message": ""
        }
    },
    {
        "model": "admin.logentry",
        "pk": 59,
        "fields": {
            "action_time": "2024-01-23T08:10:01.558Z",
            "user": 1,
            "content_type": 3,
            "object_id": "42",
            "object_repr": "Нечто съедобное (это не точно)",
            "action_flag": 3,
            "change_message": ""
        }
    },
    {
        "model": "admin.logentry",
        "pk": 60,
        "fields": {
            "action_time": "2024-01-23T08:10:01.572Z",
            "user": 1,
            "content_type": 3,
            "object_id": "41",
            "object_repr": "Нечто съедобное (это не точно)",
            "action_flag": 3,
            "change_message": ""
        }
    },
    {
        "model": "admin.logentry",
        "pk": 61,
        "fields": {
            "action_time": "2024-01-23T08:10:01.584Z",
            "user": 1,
            "content_type": 3,
            "object_id": "40",
            "object_repr": "Еще одна попытка приготовить еду",
            "action_flag": 3,
            "change_message": ""
        }
    },
    {
        "model": "admin.logentry",
        "pk": 62,
        "fields": {
            "action_time": "2024-01-23T08:10:01.596Z",
            "user": 1,
            "content_type": 3,
            "object_id": "39",
            "object_repr": "Нечто съедобное (это не точно)",
            "action_flag": 3,
            "change_message": ""
        }
    },
    {
        "model": "admin.logentry",
        "pk": 63,
        "fields": {
            "action_time": "2024-01-23T09:34:19.545Z",
            "user": 1,
            "content_type": 3,
            "object_id": "55",
            "object_repr": "Нечто съедобное (это не точно)",
            "action_flag": 3,
            "change_message": ""
        }
    },
    {
        "model": "admin.logentry",
        "pk": 64,
        "fields": {
            "action_time": "2024-01-23T09:34:19.566Z",
            "user": 1,
            "content_type": 3,
            "object_id": "54",
            "object_repr": "Нечто съедобное (это не точно)",
            "action_flag": 3,
            "change_message": ""
        }
    },
    {
        "model": "admin.logentry",
        "pk": 65,
        "fields": {
            "action_time": "2024-01-23T09:34:19.577Z",
            "user": 1,
            "content_type": 3,
            "object_id": "53",
            "object_repr": "Нечто съедобное (это не точно)",
            "action_flag": 3,
            "change_message": ""
        }
    },
    {
        "model": "admin.logentry",
        "pk": 66,
        "fields": {
            "action_time": "2024-01-23T09:34:19.587Z",
            "user": 1,
            "content_type": 3,
            "object_id": "52",
            "object_repr": "Нечто съедобное (это не точно)",
            "action_flag": 3,
            "change_message": ""
        }
    },
    {
        "model": "admin.logentry",
        "pk": 67,
        "fields": {
            "action_time": "2024-01-23T09:34:19.599Z",
            "user": 1,
            "content_type": 3,
            "object_id": "51",
            "object_repr": "Нечто съедобное (это не точно)",
            "action_flag": 3,
            "change_message": ""
        }
    },
    {
        "model": "admin.logentry",
        "pk": 68,
        "fields": {
            "action_time": "2024-01-23T09:34:19.608Z",
            "user": 1,
            "content_type": 3,
            "object_id": "50",
            "object_repr": "Нечто съедобное (это не точно)",
            "action_flag": 3,
            "change_message": ""
        }
    },
    {
        "model": "admin.logentry",
        "pk": 69,
        "fields": {
            "action_time": "2024-01-23T09:34:19.619Z",
            "user": 1,
            "content_type": 3,
            "object_id": "49",
            "object_repr": "Нечто съедобное (это не точно)",
            "action_flag": 3,
            "change_message": ""
        }
    },
    {
        "model": "admin.logentry",
        "pk": 70,
        "fields": {
            "action_time": "2024-01-23T09:34:19.634Z",
            "user": 1,
            "content_type": 3,
            "object_id": "48",
            "object_repr": "Нечто съедобное (это не точно)",
            "action_flag": 3,
            "change_message": ""
        }
    },
    {
        "model": "admin.logentry",
        "pk": 71,
        "fields": {
            "action_time": "2024-01-23T17:38:08.115Z",
            "user": 1,
            "content_type": 3,
            "object_id": "91",
            "object_repr": "Нечто съедобное (это не точно)",
            "action_flag": 3,
            "change_message": ""
        }
    },
    {
        "model": "admin.logentry",
        "pk": 72,
        "fields": {
            "action_time": "2024-01-23T17:38:08.151Z",
            "user": 1,
            "content_type": 3,
            "object_id": "90",
            "object_repr": "Нечто съедобное (это не точно)",
            "action_flag": 3,
            "change_message": ""
        }
    },
    {
        "model": "admin.logentry",
        "pk": 73,
        "fields": {
            "action_time": "2024-01-23T17:38:08.162Z",
            "user": 1,
            "content_type": 3,
            "object_id": "89",
            "object_repr": "Нечто съедобное (это не точно)",
            "action_flag": 3,
            "change_message": ""
        }
    },
    {
        "model": "admin.logentry",
        "pk": 74,
        "fields": {
            "action_time": "2024-01-23T17:38:08.172Z",
            "user": 1,
            "content_type": 3,
            "object_id": "88",
            "object_repr": "Нечто съедобное (это не точно)",
            "action_flag": 3,
            "change_message": ""
        }
    },
    {
        "model": "admin.logentry",
        "pk": 75,
        "fields": {
            "action_time": "2024-01-23T17:38:08.182Z",
            "user": 1,
            "content_type": 3,
            "object_id": "87",
            "object_repr": "Нечто съедобное (это не точно)",
            "action_flag": 3,
            "change_message": ""
        }
    },
    {
        "model": "admin.logentry",
        "pk": 76,
        "fields": {
            "action_time": "2024-01-23T17:38:08.193Z",
            "user": 1,
            "content_type": 3,
            "object_id": "86",
            "object_repr": "Нечто съедобное (это не точно)",
            "action_flag": 3,
            "change_message": ""
        }
    },
    {
        "model": "admin.logentry",
        "pk": 77,
        "fields": {
            "action_time": "2024-01-23T17:38:08.207Z",
            "user": 1,
            "content_type": 3,
            "object_id": "85",
            "object_repr": "Нечто съедобное (это не точно)",
            "action_flag": 3,
            "change_message": ""
        }
    },
    {
        "model": "admin.logentry",
        "pk": 78,
        "fields": {
            "action_time": "2024-01-23T17:38:08.218Z",
            "user": 1,
            "content_type": 3,
            "object_id": "84",
            "object_repr": "Нечто съедобное (это не точно)",
            "action_flag": 3,
            "change_message": ""
        }
    },
    {
        "model": "admin.logentry",
        "pk": 79,
        "fields": {
            "action_time": "2024-01-23T17:38:08.228Z",
            "user": 1,
            "content_type": 3,
            "object_id": "83",
            "object_repr": "Нечто съедобное (это не точно)",
            "action_flag": 3,
            "change_message": ""
        }
    },
    {
        "model": "admin.logentry",
        "pk": 80,
        "fields": {
            "action_time": "2024-01-23T17:38:08.240Z",
            "user": 1,
            "content_type": 3,
            "object_id": "82",
            "object_repr": "Нечто съедобное (это не точно)",
            "action_flag": 3,
            "change_message": ""
        }
    },
    {
        "model": "admin.logentry",
        "pk": 81,
        "fields": {
            "action_time": "2024-01-23T17:38:08.250Z",
            "user": 1,
            "content_type": 3,
            "object_id": "81",
            "object_repr": "Нечто съедобное (это не точно)",
            "action_flag": 3,
            "change_message": ""
        }
    },
    {
        "model": "admin.logentry",
        "pk": 82,
        "fields": {
            "action_time": "2024-01-23T17:38:08.260Z",
            "user": 1,
            "content_type": 3,
            "object_id": "80",
            "object_repr": "Нечто съедобное (это не точно)",
            "action_flag": 3,
            "change_message": ""
        }
    },
    {
        "model": "admin.logentry",
        "pk": 83,
        "fields": {
            "action_time": "2024-01-23T17:38:08.270Z",
            "user": 1,
            "content_type": 3,
            "object_id": "79",
            "object_repr": "Нечто съедобное (это не точно)",
            "action_flag": 3,
            "change_message": ""
        }
    },
    {
        "model": "admin.logentry",
        "pk": 84,
        "fields": {
            "action_time": "2024-01-23T17:38:08.281Z",
            "user": 1,
            "content_type": 3,
            "object_id": "78",
            "object_repr": "Нечто съедобное (это не точно)",
            "action_flag": 3,
            "change_message": ""
        }
    },
    {
        "model": "admin.logentry",
        "pk": 85,
        "fields": {
            "action_time": "2024-01-23T17:38:08.292Z",
            "user": 1,
            "content_type": 3,
            "object_id": "77",
            "object_repr": "Нечто съедобное (это не точно)",
            "action_flag": 3,
            "change_message": ""
        }
    },
    {
        "model": "admin.logentry",
        "pk": 86,
        "fields": {
            "action_time": "2024-01-23T17:38:08.303Z",
            "user": 1,
            "content_type": 3,
            "object_id": "76",
            "object_repr": "Нечто съедобное (это не точно)",
            "action_flag": 3,
            "change_message": ""
        }
    },
    {
        "model": "admin.logentry",
        "pk": 87,
        "fields": {
            "action_time": "2024-01-23T17:38:08.314Z",
            "user": 1,
            "content_type": 3,
            "object_id": "75",
            "object_repr": "Нечто съедобное (это не точно)",
            "action_flag": 3,
            "change_message": ""
        }
    },
    {
        "model": "admin.logentry",
        "pk": 88,
        "fields": {
            "action_time": "2024-01-23T17:38:08.324Z",
            "user": 1,
            "content_type": 3,
            "object_id": "74",
            "object_repr": "Нечто съедобное (это не точно)",
            "action_flag": 3,
            "change_message": ""
        }
    },
    {
        "model": "admin.logentry",
        "pk": 89,
        "fields": {
            "action_time": "2024-01-23T17:38:08.335Z",
            "user": 1,
            "content_type": 3,
            "object_id": "73",
            "object_repr": "Нечто съедобное (это не точно)",
            "action_flag": 3,
            "change_message": ""
        }
    },
    {
        "model": "admin.logentry",
        "pk": 90,
        "fields": {
            "action_time": "2024-01-23T17:38:08.344Z",
            "user": 1,
            "content_type": 3,
            "object_id": "72",
            "object_repr": "Нечто съедобное (это не точно)",
            "action_flag": 3,
            "change_message": ""
        }
    },
    {
        "model": "admin.logentry",
        "pk": 91,
        "fields": {
            "action_time": "2024-01-23T17:38:08.354Z",
            "user": 1,
            "content_type": 3,
            "object_id": "71",
            "object_repr": "Нечто съедобное (это не точно)",
            "action_flag": 3,
            "change_message": ""
        }
    },
    {
        "model": "admin.logentry",
        "pk": 92,
        "fields": {
            "action_time": "2024-01-23T17:38:08.364Z",
            "user": 1,
            "content_type": 3,
            "object_id": "70",
            "object_repr": "Нечто съедобное (это не точно)",
            "action_flag": 3,
            "change_message": ""
        }
    },
    {
        "model": "admin.logentry",
        "pk": 93,
        "fields": {
            "action_time": "2024-01-23T17:38:08.375Z",
            "user": 1,
            "content_type": 3,
            "object_id": "69",
            "object_repr": "Нечто съедобное (это не точно)",
            "action_flag": 3,
            "change_message": ""
        }
    },
    {
        "model": "admin.logentry",
        "pk": 94,
        "fields": {
            "action_time": "2024-01-23T17:38:08.386Z",
            "user": 1,
            "content_type": 3,
            "object_id": "68",
            "object_repr": "Нечто съедобное (это не точно)",
            "action_flag": 3,
            "change_message": ""
        }
    },
    {
        "model": "admin.logentry",
        "pk": 95,
        "fields": {
            "action_time": "2024-01-23T17:38:08.397Z",
            "user": 1,
            "content_type": 3,
            "object_id": "67",
            "object_repr": "Нечто съедобное (это не точно)",
            "action_flag": 3,
            "change_message": ""
        }
    },
    {
        "model": "admin.logentry",
        "pk": 96,
        "fields": {
            "action_time": "2024-01-23T17:38:08.408Z",
            "user": 1,
            "content_type": 3,
            "object_id": "66",
            "object_repr": "Нечто съедобное (это не точно)",
            "action_flag": 3,
            "change_message": ""
        }
    },
    {
        "model": "admin.logentry",
        "pk": 97,
        "fields": {
            "action_time": "2024-01-23T17:38:08.420Z",
            "user": 1,
            "content_type": 3,
            "object_id": "65",
            "object_repr": "Нечто съедобное (это не точно)",
            "action_flag": 3,
            "change_message": ""
        }
    },
    {
        "model": "admin.logentry",
        "pk": 98,
        "fields": {
            "action_time": "2024-01-23T17:38:08.431Z",
            "user": 1,
            "content_type": 3,
            "object_id": "64",
            "object_repr": "Нечто съедобное (это не точно)",
            "action_flag": 3,
            "change_message": ""
        }
    },
    {
        "model": "admin.logentry",
        "pk": 99,
        "fields": {
            "action_time": "2024-01-23T17:38:08.443Z",
            "user": 1,
            "content_type": 3,
            "object_id": "63",
            "object_repr": "Нечто съедобное (это не точно)",
            "action_flag": 3,
            "change_message": ""
        }
    },
    {
        "model": "admin.logentry",
        "pk": 100,
        "fields": {
            "action_time": "2024-01-23T17:38:08.454Z",
            "user": 1,
            "content_type": 3,
            "object_id": "62",
            "object_repr": "Нечто съедобное (это не точно)",
            "action_flag": 3,
            "change_message": ""
        }
    },
    {
        "model": "admin.logentry",
        "pk": 101,
        "fields": {
            "action_time": "2024-01-23T17:38:08.470Z",
            "user": 1,
            "content_type": 3,
            "object_id": "61",
            "object_repr": "Нечто съедобное (это не точно)",
            "action_flag": 3,
            "change_message": ""
        }
    },
    {
        "model": "admin.logentry",
        "pk": 102,
        "fields": {
            "action_time": "2024-01-23T17:38:08.482Z",
            "user": 1,
            "content_type": 3,
            "object_id": "60",
            "object_repr": "Нечто съедобное (это не точно)",
            "action_flag": 3,
            "change_message": ""
        }
    },
    {
        "model": "admin.logentry",
        "pk": 103,
        "fields": {
            "action_time": "2024-01-23T17:38:08.493Z",
            "user": 1,
            "content_type": 3,
            "object_id": "59",
            "object_repr": "Нечто съедобное (это не точно)",
            "action_flag": 3,
            "change_message": ""
        }
    },
    {
        "model": "admin.logentry",
        "pk": 104,
        "fields": {
            "action_time": "2024-01-23T17:38:08.504Z",
            "user": 1,
            "content_type": 3,
            "object_id": "58",
            "object_repr": "Нечто съедобное (это не точно)",
            "action_flag": 3,
            "change_message": ""
        }
    },
    {
        "model": "admin.logentry",
        "pk": 105,
        "fields": {
            "action_time": "2024-01-23T17:38:08.514Z",
            "user": 1,
            "content_type": 3,
            "object_id": "57",
            "object_repr": "Нечто съедобное (это не точно)",
            "action_flag": 3,
            "change_message": ""
        }
    },
    {
        "model": "admin.logentry",
        "pk": 106,
        "fields": {
            "action_time": "2024-01-23T17:38:08.526Z",
            "user": 1,
            "content_type": 3,
            "object_id": "56",
            "object_repr": "Нечто съедобное (это не точно)",
            "action_flag": 3,
            "change_message": ""
        }
    },
    {
        "model": "admin.logentry",
        "pk": 107,
        "fields": {
            "action_time": "2024-01-23T21:49:31.213Z",
            "user": 1,
            "content_type": 3,
            "object_id": "102",
            "object_repr": "Нечто съедобное (это не точно)",
            "action_flag": 3,
            "change_message": ""
        }
    },
    {
        "model": "admin.logentry",
        "pk": 108,
        "fields": {
            "action_time": "2024-01-23T21:49:31.231Z",
            "user": 1,
            "content_type": 3,
            "object_id": "101",
            "object_repr": "Нечто съедобное (это не точно)",
            "action_flag": 3,
            "change_message": ""
        }
    },
    {
        "model": "admin.logentry",
        "pk": 109,
        "fields": {
            "action_time": "2024-01-23T21:49:31.242Z",
            "user": 1,
            "content_type": 3,
            "object_id": "100",
            "object_repr": "Нечто съедобное (это не точно)",
            "action_flag": 3,
            "change_message": ""
        }
    },
    {
        "model": "admin.logentry",
        "pk": 110,
        "fields": {
            "action_time": "2024-01-23T21:49:31.253Z",
            "user": 1,
            "content_type": 3,
            "object_id": "99",
            "object_repr": "Нечто съедобное (это не точно)",
            "action_flag": 3,
            "change_message": ""
        }
    },
    {
        "model": "admin.logentry",
        "pk": 111,
        "fields": {
            "action_time": "2024-01-23T21:49:31.265Z",
            "user": 1,
            "content_type": 3,
            "object_id": "98",
            "object_repr": "Нечто съедобное (это не точно)",
            "action_flag": 3,
            "change_message": ""
        }
    },
    {
        "model": "admin.logentry",
        "pk": 112,
        "fields": {
            "action_time": "2024-01-23T21:49:31.276Z",
            "user": 1,
            "content_type": 3,
            "object_id": "97",
            "object_repr": "Нечто съедобное (это не точно)",
            "action_flag": 3,
            "change_message": ""
        }
    },
    {
        "model": "admin.logentry",
        "pk": 113,
        "fields": {
            "action_time": "2024-01-23T21:49:31.287Z",
            "user": 1,
            "content_type": 3,
            "object_id": "96",
            "object_repr": "Нечто съедобное (это не точно)",
            "action_flag": 3,
            "change_message": ""
        }
    },
    {
        "model": "admin.logentry",
        "pk": 114,
        "fields": {
            "action_time": "2024-01-23T21:49:31.298Z",
            "user": 1,
            "content_type": 3,
            "object_id": "95",
            "object_repr": "Нечто съедобное (это не точно)",
            "action_flag": 3,
            "change_message": ""
        }
    },
    {
        "model": "admin.logentry",
        "pk": 115,
        "fields": {
            "action_time": "2024-01-23T21:49:31.309Z",
            "user": 1,
            "content_type": 3,
            "object_id": "94",
            "object_repr": "Нечто съедобное (это не точно)",
            "action_flag": 3,
            "change_message": ""
        }
    },
    {
        "model": "admin.logentry",
        "pk": 116,
        "fields": {
            "action_time": "2024-01-23T21:49:31.320Z",
            "user": 1,
            "content_type": 3,
            "object_id": "93",
            "object_repr": "Нечто съедобное (это не точно)",
            "action_flag": 3,
            "change_message": ""
        }
    },
    {
        "model": "admin.logentry",
        "pk": 117,
        "fields": {
            "action_time": "2024-01-23T21:49:31.331Z",
            "user": 1,
            "content_type": 3,
            "object_id": "92",
            "object_repr": "Нечто съедобное (это не точно)",
            "action_flag": 3,
            "change_message": ""
        }
    },
    {
        "model": "admin.logentry",
        "pk": 118,
        "fields": {
            "action_time": "2024-01-24T07:59:38.545Z",
            "user": 1,
            "content_type": 3,
            "object_id": "105",
            "object_repr": "Варёное нечто",
            "action_flag": 3,
            "change_message": ""
        }
    },
    {
        "model": "admin.logentry",
        "pk": 119,
        "fields": {
            "action_time": "2024-01-24T07:59:38.563Z",
            "user": 1,
            "content_type": 3,
            "object_id": "104",
            "object_repr": "Еще одна попытка приготовить еду",
            "action_flag": 3,
            "change_message": ""
        }
    },
    {
        "model": "admin.logentry",
        "pk": 120,
        "fields": {
            "action_time": "2024-01-24T07:59:46.997Z",
            "user": 1,
            "content_type": 3,
            "object_id": "103",
            "object_repr": "Нечто съедобное (это не точно)",
            "action_flag": 3,
            "change_message": ""
        }
    },
    {
        "model": "admin.logentry",
        "pk": 121,
        "fields": {
            "action_time": "2024-01-24T08:07:11.213Z",
            "user": 1,
            "content_type": 3,
            "object_id": "1",
            "object_repr": "Лепешки",
            "action_flag": 2,
            "change_message": "[{\"deleted\": {\"name\": \"recipe ingredient\", \"object\": \"\\u041b\\u0435\\u043f\\u0435\\u0448\\u043a\\u0438 \\u0421\\u043e\\u043b\\u044c\"}}, {\"deleted\": {\"name\": \"recipe ingredient\", \"object\": \"\\u041b\\u0435\\u043f\\u0435\\u0448\\u043a\\u0438 \\u041c\\u0443\\u043a\\u0430\"}}]"
        }
    },
    {
        "model": "admin.logentry",
        "pk": 122,
        "fields": {
            "action_time": "2024-01-24T08:07:29.078Z",
            "user": 1,
            "content_type": 3,
            "object_id": "1",
            "object_repr": "Лепешки",
            "action_flag": 2,
            "change_message": "[{\"deleted\": {\"name\": \"recipe ingredient\", \"object\": \"\\u041b\\u0435\\u043f\\u0435\\u0448\\u043a\\u0438 \\u0421\\u043e\\u043b\\u044c\"}}]"
        }
    },
    {
        "model": "admin.logentry",
        "pk": 123,
        "fields": {
            "action_time": "2024-01-24T08:07:53.438Z",
            "user": 1,
            "content_type": 3,
            "object_id": "2",
            "object_repr": "Омлет",
            "action_flag": 3,
            "change_message": ""
        }
    },
    {
        "model": "admin.logentry",
        "pk": 124,
        "fields": {
            "action_time": "2024-01-24T08:07:53.465Z",
            "user": 1,
            "content_type": 3,
            "object_id": "1",
            "object_repr": "Лепешки",
            "action_flag": 3,
            "change_message": ""
        }
    },
    {
        "model": "admin.logentry",
        "pk": 125,
        "fields": {
            "action_time": "2024-01-24T08:29:29.220Z",
            "user": 1,
            "content_type": 1,
            "object_id": "6",
            "object_repr": "Чили",
            "action_flag": 1,
            "change_message": "[{\"added\": {}}]"
        }
    },
    {
        "model": "admin.logentry",
        "pk": 126,
        "fields": {
            "action_time": "2024-01-24T08:31:25.747Z",
            "user": 1,
            "content_type": 3,
            "object_id": "116",
            "object_repr": "Рецепт 1",
            "action_flag": 3,
            "change_message": ""
        }
    },
    {
        "model": "admin.logentry",
        "pk": 127,
        "fields": {
            "action_time": "2024-01-24T08:31:25.777Z",
            "user": 1,
            "content_type": 3,
            "object_id": "115",
            "object_repr": "Рецепт 1",
            "action_flag": 3,
            "change_message": ""
        }
    },
    {
        "model": "admin.logentry",
        "pk": 128,
        "fields": {
            "action_time": "2024-01-24T08:31:25.789Z",
            "user": 1,
            "content_type": 3,
            "object_id": "114",
            "object_repr": "Нечто съедобное (это не точно)",
            "action_flag": 3,
            "change_message": ""
        }
    },
    {
        "model": "admin.logentry",
        "pk": 129,
        "fields": {
            "action_time": "2024-01-24T08:31:25.800Z",
            "user": 1,
            "content_type": 3,
            "object_id": "113",
            "object_repr": "Нечто съедобное (это не точно)",
            "action_flag": 3,
            "change_message": ""
        }
    },
    {
        "model": "admin.logentry",
        "pk": 130,
        "fields": {
            "action_time": "2024-01-24T08:31:25.811Z",
            "user": 1,
            "content_type": 3,
            "object_id": "112",
            "object_repr": "Нечто съедобное (это не точно)",
            "action_flag": 3,
            "change_message": ""
        }
    },
    {
        "model": "admin.logentry",
        "pk": 131,
        "fields": {
            "action_time": "2024-01-24T08:31:25.822Z",
            "user": 1,
            "content_type": 3,
            "object_id": "111",
            "object_repr": "Нечто съедобное (это не точно)",
            "action_flag": 3,
            "change_message": ""
        }
    },
    {
        "model": "admin.logentry",
        "pk": 132,
        "fields": {
            "action_time": "2024-01-24T08:31:25.833Z",
            "user": 1,
            "content_type": 3,
            "object_id": "110",
            "object_repr": "Нечто съедобное (это не точно)",
            "action_flag": 3,
            "change_message": ""
        }
    },
    {
        "model": "admin.logentry",
        "pk": 133,
        "fields": {
            "action_time": "2024-01-24T08:31:25.843Z",
            "user": 1,
            "content_type": 3,
            "object_id": "109",
            "object_repr": "Нечто съедобное (это не точно)",
            "action_flag": 3,
            "change_message": ""
        }
    },
    {
        "model": "admin.logentry",
        "pk": 134,
        "fields": {
            "action_time": "2024-01-24T08:31:25.874Z",
            "user": 1,
            "content_type": 3,
            "object_id": "108",
            "object_repr": "Нечто съедобное (это не точно)",
            "action_flag": 3,
            "change_message": ""
        }
    },
    {
        "model": "admin.logentry",
        "pk": 135,
        "fields": {
            "action_time": "2024-01-24T08:31:25.885Z",
            "user": 1,
            "content_type": 3,
            "object_id": "107",
            "object_repr": "Нечто съедобное (это не точно)",
            "action_flag": 3,
            "change_message": ""
        }
    },
    {
        "model": "admin.logentry",
        "pk": 136,
        "fields": {
            "action_time": "2024-01-24T08:31:25.896Z",
            "user": 1,
            "content_type": 3,
            "object_id": "106",
            "object_repr": "Нечто съедобное (это не точно)",
            "action_flag": 3,
            "change_message": ""
        }
    },
    {
        "model": "admin.logentry",
        "pk": 137,
        "fields": {
            "action_time": "2024-01-24T08:38:20.286Z",
            "user": 1,
            "content_type": 3,
            "object_id": "117",
            "object_repr": "Нечто съедобное (это не точно)",
            "action_flag": 3,
            "change_message": ""
        }
    },
    {
        "model": "admin.logentry",
        "pk": 138,
        "fields": {
            "action_time": "2024-01-24T09:10:52.801Z",
            "user": 1,
            "content_type": 3,
            "object_id": "122",
            "object_repr": "Нечто съедобное (это не точно)",
            "action_flag": 3,
            "change_message": ""
        }
    },
    {
        "model": "admin.logentry",
        "pk": 139,
        "fields": {
            "action_time": "2024-01-24T09:10:52.819Z",
            "user": 1,
            "content_type": 3,
            "object_id": "121",
            "object_repr": "Нечто съедобное (это не точно)",
            "action_flag": 3,
            "change_message": ""
        }
    },
    {
        "model": "admin.logentry",
        "pk": 140,
        "fields": {
            "action_time": "2024-01-24T09:10:52.829Z",
            "user": 1,
            "content_type": 3,
            "object_id": "120",
            "object_repr": "Нечто съедобное (это не точно)",
            "action_flag": 3,
            "change_message": ""
        }
    },
    {
        "model": "admin.logentry",
        "pk": 141,
        "fields": {
            "action_time": "2024-01-24T09:10:52.841Z",
            "user": 1,
            "content_type": 3,
            "object_id": "119",
            "object_repr": "Нечто съедобное (это не точно)",
            "action_flag": 3,
            "change_message": ""
        }
    },
    {
        "model": "admin.logentry",
        "pk": 142,
        "fields": {
            "action_time": "2024-01-24T09:10:52.852Z",
            "user": 1,
            "content_type": 3,
            "object_id": "118",
            "object_repr": "Нечто съедобное (это не точно)",
            "action_flag": 3,
            "change_message": ""
        }
    },
    {
        "model": "admin.logentry",
        "pk": 143,
        "fields": {
            "action_time": "2024-01-24T09:11:34.918Z",
            "user": 1,
            "content_type": 3,
            "object_id": "123",
            "object_repr": "Первое",
            "action_flag": 1,
            "change_message": "[{\"added\": {}}]"
        }
    },
    {
        "model": "admin.logentry",
        "pk": 144,
        "fields": {
            "action_time": "2024-01-24T09:20:13.521Z",
            "user": 1,
            "content_type": 3,
            "object_id": "123",
            "object_repr": "Первое",
            "action_flag": 2,
            "change_message": "[{\"added\": {\"name\": \"recipe ingredient\", \"object\": \"\\u041f\\u0435\\u0440\\u0432\\u043e\\u0435 \\u0412\\u043e\\u0434\\u0430\"}}]"
        }
    },
    {
        "model": "admin.logentry",
        "pk": 145,
        "fields": {
            "action_time": "2024-01-24T11:03:02.624Z",
            "user": 1,
            "content_type": 3,
            "object_id": "133",
            "object_repr": "Рецепт 2",
            "action_flag": 3,
            "change_message": ""
        }
    },
    {
        "model": "admin.logentry",
        "pk": 146,
        "fields": {
            "action_time": "2024-01-24T11:03:02.658Z",
            "user": 1,
            "content_type": 3,
            "object_id": "132",
            "object_repr": "Рецепт 2",
            "action_flag": 3,
            "change_message": ""
        }
    },
    {
        "model": "admin.logentry",
        "pk": 147,
        "fields": {
            "action_time": "2024-01-24T11:03:02.679Z",
            "user": 1,
            "content_type": 3,
            "object_id": "131",
            "object_repr": "Еще одна попытка приготовить еду",
            "action_flag": 3,
            "change_message": ""
        }
    },
    {
        "model": "admin.logentry",
        "pk": 148,
        "fields": {
            "action_time": "2024-01-24T11:03:02.690Z",
            "user": 1,
            "content_type": 3,
            "object_id": "130",
            "object_repr": "Еда без дополнительной обработки",
            "action_flag": 3,
            "change_message": ""
        }
    },
    {
        "model": "admin.logentry",
        "pk": 149,
        "fields": {
            "action_time": "2024-01-24T11:03:02.701Z",
            "user": 1,
            "content_type": 3,
            "object_id": "129",
            "object_repr": "Рецепт 1",
            "action_flag": 3,
            "change_message": ""
        }
    },
    {
        "model": "admin.logentry",
        "pk": 150,
        "fields": {
            "action_time": "2024-01-24T11:03:02.713Z",
            "user": 1,
            "content_type": 3,
            "object_id": "128",
            "object_repr": "Рецепт 2",
            "action_flag": 3,
            "change_message": ""
        }
    },
    {
        "model": "admin.logentry",
        "pk": 151,
        "fields": {
            "action_time": "2024-01-24T11:03:02.724Z",
            "user": 1,
            "content_type": 3,
            "object_id": "127",
            "object_repr": "Нечто съедобное (это не точно)",
            "action_flag": 3,
            "change_message": ""
        }
    },
    {
        "model": "admin.logentry",
        "pk": 152,
        "fields": {
            "action_time": "2024-01-24T11:03:02.736Z",
            "user": 1,
            "content_type": 3,
            "object_id": "126",
            "object_repr": "Нечто съедобное (это не точно)",
            "action_flag": 3,
            "change_message": ""
        }
    },
    {
        "model": "admin.logentry",
        "pk": 153,
        "fields": {
            "action_time": "2024-01-24T11:03:02.747Z",
            "user": 1,
            "content_type": 3,
            "object_id": "125",
            "object_repr": "Рецепт 2",
            "action_flag": 3,
            "change_message": ""
        }
    },
    {
        "model": "admin.logentry",
        "pk": 154,
        "fields": {
            "action_time": "2024-01-24T11:03:02.758Z",
            "user": 1,
            "content_type": 3,
            "object_id": "124",
            "object_repr": "Нечто съедобное (это не точно)",
            "action_flag": 3,
            "change_message": ""
        }
    },
    {
        "model": "admin.logentry",
        "pk": 155,
        "fields": {
            "action_time": "2024-01-24T12:18:54.190Z",
            "user": 1,
            "content_type": 3,
            "object_id": "144",
            "object_repr": "Рецепт 2",
            "action_flag": 3,
            "change_message": ""
        }
    },
    {
        "model": "admin.logentry",
        "pk": 156,
        "fields": {
            "action_time": "2024-01-24T12:18:54.211Z",
            "user": 1,
            "content_type": 3,
            "object_id": "143",
            "object_repr": "Рецепт 2",
            "action_flag": 3,
            "change_message": ""
        }
    },
    {
        "model": "admin.logentry",
        "pk": 157,
        "fields": {
            "action_time": "2024-01-24T12:18:54.222Z",
            "user": 1,
            "content_type": 3,
            "object_id": "142",
            "object_repr": "Рецепт 2",
            "action_flag": 3,
            "change_message": ""
        }
    },
    {
        "model": "admin.logentry",
        "pk": 158,
        "fields": {
            "action_time": "2024-01-24T12:18:54.231Z",
            "user": 1,
            "content_type": 3,
            "object_id": "141",
            "object_repr": "Рецепт 2",
            "action_flag": 3,
            "change_message": ""
        }
    },
    {
        "model": "admin.logentry",
        "pk": 159,
        "fields": {
            "action_time": "2024-01-24T12:18:54.242Z",
            "user": 1,
            "content_type": 3,
            "object_id": "140",
            "object_repr": "Рецепт 2",
            "action_flag": 3,
            "change_message": ""
        }
    },
    {
        "model": "admin.logentry",
        "pk": 160,
        "fields": {
            "action_time": "2024-01-24T12:18:54.253Z",
            "user": 1,
            "content_type": 3,
            "object_id": "138",
            "object_repr": "Нечто съедобное (это не точно)",
            "action_flag": 3,
            "change_message": ""
        }
    },
    {
        "model": "admin.logentry",
        "pk": 161,
        "fields": {
            "action_time": "2024-01-24T12:18:54.265Z",
            "user": 1,
            "content_type": 3,
            "object_id": "137",
            "object_repr": "Нечто съедобное (это не точно)",
            "action_flag": 3,
            "change_message": ""
        }
    },
    {
        "model": "admin.logentry",
        "pk": 162,
        "fields": {
            "action_time": "2024-01-24T12:18:54.278Z",
            "user": 1,
            "content_type": 3,
            "object_id": "136",
            "object_repr": "Нечто съедобное (это не точно)",
            "action_flag": 3,
            "change_message": ""
        }
    },
    {
        "model": "admin.logentry",
        "pk": 163,
        "fields": {
            "action_time": "2024-01-24T12:18:54.288Z",
            "user": 1,
            "content_type": 3,
            "object_id": "135",
            "object_repr": "Нечто съедобное (это не точно)",
            "action_flag": 3,
            "change_message": ""
        }
    },
    {
        "model": "admin.logentry",
        "pk": 164,
        "fields": {
            "action_time": "2024-01-24T12:18:54.299Z",
            "user": 1,
            "content_type": 3,
            "object_id": "134",
            "object_repr": "Нечто съедобное (это не точно)",
            "action_flag": 3,
            "change_message": ""
        }
    },
    {
        "model": "admin.logentry",
        "pk": 165,
        "fields": {
            "action_time": "2024-01-24T12:25:09.187Z",
            "user": 1,
            "content_type": 3,
            "object_id": "148",
            "object_repr": "Рецепт 1",
            "action_flag": 3,
            "change_message": ""
        }
    },
    {
        "model": "admin.logentry",
        "pk": 166,
        "fields": {
            "action_time": "2024-01-24T12:25:09.197Z",
            "user": 1,
            "content_type": 3,
            "object_id": "147",
            "object_repr": "Рецепт 1",
            "action_flag": 3,
            "change_message": ""
        }
    },
    {
        "model": "admin.logentry",
        "pk": 167,
        "fields": {
            "action_time": "2024-01-24T12:35:48.543Z",
            "user": 1,
            "content_type": 3,
            "object_id": "123",
            "object_repr": "Первое",
            "action_flag": 2,
            "change_message": "[{\"added\": {\"name\": \"recipe tag\", \"object\": \"\\u041f\\u0435\\u0440\\u0432\\u043e\\u0435 \\u0412\\u0435\\u0433\\u0430\\u043d\"}}, {\"added\": {\"name\": \"recipe tag\", \"object\": \"\\u041f\\u0435\\u0440\\u0432\\u043e\\u0435 \\u0417\\u0430\\u0432\\u0442\\u0440\\u0430\\u043a\"}}, {\"added\": {\"name\": \"recipe tag\", \"object\": \"\\u041f\\u0435\\u0440\\u0432\\u043e\\u0435 \\u041e\\u0431\\u0435\\u0434\"}}]"
        }
    },
    {
        "model": "admin.logentry",
        "pk": 168,
        "fields": {
            "action_time": "2024-01-24T12:53:05.633Z",
            "user": 1,
            "content_type": 10,
            "object_id": "1",
            "object_repr": "Subscription object (1)",
            "action_flag": 3,
            "change_message": ""
        }
    },
    {
        "model": "admin.logentry",
        "pk": 169,
        "fields": {
            "action_time": "2024-01-24T13:13:19.018Z",
            "user": 1,
            "content_type": 10,
            "object_id": "2",
            "object_repr": "Subscription object (2)",
            "action_flag": 3,
            "change_message": ""
        }
    },
    {
        "model": "admin.logentry",
        "pk": 170,
        "fields": {
            "action_time": "2024-01-24T13:16:43.427Z",
            "user": 1,
            "content_type": 10,
            "object_id": "3",
            "object_repr": "Subscription object (3)",
            "action_flag": 3,
            "change_message": ""
        }
    },
    {
        "model": "admin.logentry",
        "pk": 171,
        "fields": {
            "action_time": "2024-01-24T13:17:53.811Z",
            "user": 1,
            "content_type": 10,
            "object_id": "4",
            "object_repr": "Subscription object (4)",
            "action_flag": 3,
            "change_message": ""
        }
    },
    {
        "model": "admin.logentry",
        "pk": 172,
        "fields": {
            "action_time": "2024-01-25T08:58:22.954Z",
            "user": 1,
            "content_type": 10,
            "object_id": "6",
            "object_repr": "Subscription object (6)",
            "action_flag": 3,
            "change_message": ""
        }
    },
    {
        "model": "admin.logentry",
        "pk": 173,
        "fields": {
            "action_time": "2024-01-25T08:58:22.965Z",
            "user": 1,
            "content_type": 10,
            "object_id": "5",
            "object_repr": "Subscription object (5)",
            "action_flag": 3,
            "change_message": ""
        }
    },
    {
        "model": "admin.logentry",
        "pk": 174,
        "fields": {
            "action_time": "2024-01-25T08:59:13.198Z",
            "user": 1,
            "content_type": 3,
            "object_id": "145",
            "object_repr": "Рецепт 2",
            "action_flag": 2,
            "change_message": "[{\"changed\": {\"fields\": [\"\\u0410\\u0432\\u0442\\u043e\\u0440\"]}}]"
        }
    },
    {
        "model": "admin.logentry",
        "pk": 175,
        "fields": {
            "action_time": "2024-01-25T09:00:05.587Z",
            "user": 1,
            "content_type": 3,
            "object_id": "149",
            "object_repr": "Рецепт 1",
            "action_flag": 2,
            "change_message": "[{\"changed\": {\"fields\": [\"\\u0410\\u0432\\u0442\\u043e\\u0440\"]}}]"
        }
    },
    {
        "model": "admin.logentry",
        "pk": 176,
        "fields": {
            "action_time": "2024-01-25T09:00:11.278Z",
            "user": 1,
            "content_type": 3,
            "object_id": "146",
            "object_repr": "Еще одна попытка приготовить еду",
            "action_flag": 2,
            "change_message": "[{\"changed\": {\"fields\": [\"\\u0410\\u0432\\u0442\\u043e\\u0440\"]}}]"
        }
    },
    {
        "model": "admin.logentry",
        "pk": 177,
        "fields": {
            "action_time": "2024-01-25T09:00:17.510Z",
            "user": 1,
            "content_type": 3,
            "object_id": "145",
            "object_repr": "Рецепт 2",
            "action_flag": 2,
            "change_message": "[{\"changed\": {\"fields\": [\"\\u0410\\u0432\\u0442\\u043e\\u0440\"]}}]"
        }
    },
    {
        "model": "admin.logentry",
        "pk": 178,
        "fields": {
            "action_time": "2024-01-25T09:00:23.095Z",
            "user": 1,
            "content_type": 3,
            "object_id": "139",
            "object_repr": "Нечто съедобное (это не точно)",
            "action_flag": 2,
            "change_message": "[{\"changed\": {\"fields\": [\"\\u0410\\u0432\\u0442\\u043e\\u0440\"]}}]"
        }
    },
    {
        "model": "admin.logentry",
        "pk": 179,
        "fields": {
            "action_time": "2024-01-25T10:29:42.947Z",
            "user": 1,
            "content_type": 10,
            "object_id": "8",
            "object_repr": "Subscription object (8)",
            "action_flag": 3,
            "change_message": ""
        }
    },
    {
        "model": "admin.logentry",
        "pk": 180,
        "fields": {
            "action_time": "2024-01-25T10:29:42.959Z",
            "user": 1,
            "content_type": 10,
            "object_id": "7",
            "object_repr": "Subscription object (7)",
            "action_flag": 3,
            "change_message": ""
        }
    },
    {
        "model": "admin.logentry",
        "pk": 181,
        "fields": {
            "action_time": "2024-01-25T10:30:31.035Z",
            "user": 1,
            "content_type": 10,
            "object_id": "9",
            "object_repr": "Subscription object (9)",
            "action_flag": 3,
            "change_message": ""
        }
    },
    {
        "model": "admin.logentry",
        "pk": 182,
        "fields": {
            "action_time": "2024-01-25T11:01:54.473Z",
            "user": 1,
            "content_type": 10,
            "object_id": "11",
            "object_repr": "Subscription object (11)",
            "action_flag": 3,
            "change_message": ""
        }
    },
    {
        "model": "admin.logentry",
        "pk": 183,
        "fields": {
            "action_time": "2024-01-25T11:01:54.491Z",
            "user": 1,
            "content_type": 10,
            "object_id": "10",
            "object_repr": "Subscription object (10)",
            "action_flag": 3,
            "change_message": ""
        }
    },
    {
        "model": "admin.logentry",
        "pk": 184,
        "fields": {
            "action_time": "2024-01-25T11:02:14.373Z",
            "user": 1,
            "content_type": 10,
            "object_id": "12",
            "object_repr": "Subscription object (12)",
            "action_flag": 3,
            "change_message": ""
        }
    },
    {
        "model": "admin.logentry",
        "pk": 185,
        "fields": {
            "action_time": "2024-01-25T11:02:31.016Z",
            "user": 1,
            "content_type": 10,
            "object_id": "13",
            "object_repr": "Subscription object (13)",
            "action_flag": 3,
            "change_message": ""
        }
    },
    {
        "model": "admin.logentry",
        "pk": 186,
        "fields": {
            "action_time": "2024-01-25T11:06:03.661Z",
            "user": 1,
            "content_type": 10,
            "object_id": "14",
            "object_repr": "Subscription object (14)",
            "action_flag": 3,
            "change_message": ""
        }
    },
    {
        "model": "admin.logentry",
        "pk": 187,
        "fields": {
            "action_time": "2024-01-25T14:07:31.878Z",
            "user": 1,
            "content_type": 10,
            "object_id": "16",
            "object_repr": "Subscription object (16)",
            "action_flag": 3,
            "change_message": ""
        }
    },
    {
        "model": "admin.logentry",
        "pk": 188,
        "fields": {
            "action_time": "2024-01-25T14:07:31.889Z",
            "user": 1,
            "content_type": 10,
            "object_id": "15",
            "object_repr": "Subscription object (15)",
            "action_flag": 3,
            "change_message": ""
        }
    },
    {
        "model": "admin.logentry",
        "pk": 189,
        "fields": {
            "action_time": "2024-01-25T14:41:11.803Z",
            "user": 1,
            "content_type": 10,
            "object_id": "18",
            "object_repr": "Subscription object (18)",
            "action_flag": 3,
            "change_message": ""
        }
    },
    {
        "model": "admin.logentry",
        "pk": 190,
        "fields": {
            "action_time": "2024-01-25T14:41:11.833Z",
            "user": 1,
            "content_type": 10,
            "object_id": "17",
            "object_repr": "Subscription object (17)",
            "action_flag": 3,
            "change_message": ""
        }
    },
    {
        "model": "admin.logentry",
        "pk": 191,
        "fields": {
            "action_time": "2024-01-25T14:44:06.269Z",
            "user": 1,
            "content_type": 10,
            "object_id": "19",
            "object_repr": "Subscription object (19)",
            "action_flag": 3,
            "change_message": ""
        }
    },
    {
        "model": "admin.logentry",
        "pk": 192,
        "fields": {
            "action_time": "2024-01-26T11:22:29.276Z",
            "user": 1,
            "content_type": 8,
            "object_id": "1",
            "object_repr": "Favorites object (1)",
            "action_flag": 3,
            "change_message": ""
        }
    },
    {
        "model": "admin.logentry",
        "pk": 193,
        "fields": {
            "action_time": "2024-01-26T13:13:08.887Z",
            "user": 1,
            "content_type": 8,
            "object_id": "2",
            "object_repr": "Favorites object (2)",
            "action_flag": 3,
            "change_message": ""
        }
    },
    {
        "model": "admin.logentry",
        "pk": 194,
        "fields": {
            "action_time": "2024-01-27T16:02:26.169Z",
            "user": 1,
            "content_type": 5,
            "object_id": "1",
            "object_repr": "ShoppingList object (1)",
            "action_flag": 2,
            "change_message": "[]"
        }
    },
    {
        "model": "admin.logentry",
        "pk": 195,
        "fields": {
            "action_time": "2024-01-27T16:02:31.888Z",
            "user": 1,
            "content_type": 5,
            "object_id": "2",
            "object_repr": "ShoppingList object (2)",
            "action_flag": 1,
            "change_message": "[{\"added\": {}}]"
        }
    },
    {
        "model": "admin.logentry",
        "pk": 196,
        "fields": {
            "action_time": "2024-01-27T16:02:44.002Z",
            "user": 1,
            "content_type": 5,
            "object_id": "3",
            "object_repr": "ShoppingList object (3)",
            "action_flag": 1,
            "change_message": "[{\"added\": {}}]"
        }
    },
    {
        "model": "admin.logentry",
        "pk": 197,
        "fields": {
            "action_time": "2024-01-27T16:56:20.122Z",
            "user": 1,
            "content_type": 5,
            "object_id": "3",
            "object_repr": "ShoppingCart object (3)",
            "action_flag": 3,
            "change_message": ""
        }
    },
    {
        "model": "admin.logentry",
        "pk": 198,
        "fields": {
            "action_time": "2024-01-27T16:56:38.965Z",
            "user": 1,
            "content_type": 5,
            "object_id": "2",
            "object_repr": "ShoppingCart object (2)",
            "action_flag": 3,
            "change_message": ""
        }
    },
    {
        "model": "admin.logentry",
        "pk": 199,
        "fields": {
            "action_time": "2024-01-27T16:56:38.983Z",
            "user": 1,
            "content_type": 5,
            "object_id": "1",
            "object_repr": "ShoppingCart object (1)",
            "action_flag": 3,
            "change_message": ""
        }
    },
    {
        "model": "admin.logentry",
        "pk": 200,
        "fields": {
            "action_time": "2024-01-27T16:56:55.107Z",
            "user": 1,
            "content_type": 5,
            "object_id": "4",
            "object_repr": "ShoppingCart object (4)",
            "action_flag": 2,
            "change_message": "[{\"changed\": {\"fields\": [\"\\u0420\\u0435\\u0446\\u0435\\u043f\\u0442\"]}}]"
        }
    },
    {
        "model": "admin.logentry",
        "pk": 201,
        "fields": {
            "action_time": "2024-01-27T16:57:05.589Z",
            "user": 1,
            "content_type": 5,
            "object_id": "5",
            "object_repr": "ShoppingCart object (5)",
            "action_flag": 1,
            "change_message": "[{\"added\": {}}]"
        }
    },
    {
        "model": "admin.logentry",
        "pk": 202,
        "fields": {
            "action_time": "2024-01-27T17:14:02.418Z",
            "user": 1,
            "content_type": 5,
            "object_id": "6",
            "object_repr": "ShoppingCart object (6)",
            "action_flag": 3,
            "change_message": ""
        }
    },
    {
        "model": "admin.logentry",
        "pk": 203,
        "fields": {
            "action_time": "2024-01-27T17:14:02.446Z",
            "user": 1,
            "content_type": 5,
            "object_id": "5",
            "object_repr": "ShoppingCart object (5)",
            "action_flag": 3,
            "change_message": ""
        }
    },
    {
        "model": "admin.logentry",
        "pk": 204,
        "fields": {
            "action_time": "2024-01-27T17:14:02.456Z",
            "user": 1,
            "content_type": 5,
            "object_id": "4",
            "object_repr": "ShoppingCart object (4)",
            "action_flag": 3,
            "change_message": ""
        }
    },
    {
        "model": "admin.logentry",
        "pk": 205,
        "fields": {
            "action_time": "2024-01-27T17:14:13.549Z",
            "user": 1,
            "content_type": 5,
            "object_id": "7",
            "object_repr": "ShoppingCart object (7)",
            "action_flag": 1,
            "change_message": "[{\"added\": {}}]"
        }
    },
    {
        "model": "admin.logentry",
        "pk": 206,
        "fields": {
            "action_time": "2024-01-27T17:14:19.250Z",
            "user": 1,
            "content_type": 5,
            "object_id": "8",
            "object_repr": "ShoppingCart object (8)",
            "action_flag": 1,
            "change_message": "[{\"added\": {}}]"
        }
    },
    {
        "model": "admin.logentry",
        "pk": 207,
        "fields": {
            "action_time": "2024-01-27T17:14:25.239Z",
            "user": 1,
            "content_type": 5,
            "object_id": "9",
            "object_repr": "ShoppingCart object (9)",
            "action_flag": 1,
            "change_message": "[{\"added\": {}}]"
        }
    },
    {
        "model": "admin.logentry",
        "pk": 208,
        "fields": {
            "action_time": "2024-01-27T17:14:31.083Z",
            "user": 1,
            "content_type": 5,
            "object_id": "10",
            "object_repr": "ShoppingCart object (10)",
            "action_flag": 1,
            "change_message": "[{\"added\": {}}]"
        }
    },
    {
        "model": "admin.logentry",
        "pk": 209,
        "fields": {
            "action_time": "2024-01-27T18:19:30.463Z",
            "user": 1,
            "content_type": 3,
            "object_id": "123",
            "object_repr": "Первое",
            "action_flag": 2,
            "change_message": "[{\"added\": {\"name\": \"recipe ingredient\", \"object\": \"\\u041f\\u0435\\u0440\\u0432\\u043e\\u0435 \\u041c\\u0443\\u043a\\u0430\"}}]"
        }
    },
    {
        "model": "admin.logentry",
        "pk": 210,
        "fields": {
            "action_time": "2024-01-27T20:32:51.832Z",
            "user": 1,
            "content_type": 3,
            "object_id": "162",
            "object_repr": "Нечто съедобное (это не точно)",
            "action_flag": 3,
            "change_message": ""
        }
    },
    {
        "model": "admin.logentry",
        "pk": 211,
        "fields": {
            "action_time": "2024-01-27T20:32:51.857Z",
            "user": 1,
            "content_type": 3,
            "object_id": "161",
            "object_repr": "Нечто съедобное (это не точно)",
            "action_flag": 3,
            "change_message": ""
        }
    },
    {
        "model": "admin.logentry",
        "pk": 212,
        "fields": {
            "action_time": "2024-01-27T20:32:51.868Z",
            "user": 1,
            "content_type": 3,
            "object_id": "160",
            "object_repr": "Нечто съедобное (это не точно)",
            "action_flag": 3,
            "change_message": ""
        }
    },
    {
        "model": "admin.logentry",
        "pk": 213,
        "fields": {
            "action_time": "2024-01-27T20:32:51.879Z",
            "user": 1,
            "content_type": 3,
            "object_id": "159",
            "object_repr": "Нечто съедобное (это не точно)",
            "action_flag": 3,
            "change_message": ""
        }
    },
    {
        "model": "admin.logentry",
        "pk": 214,
        "fields": {
            "action_time": "2024-01-27T20:32:51.891Z",
            "user": 1,
            "content_type": 3,
            "object_id": "158",
            "object_repr": "Нечто съедобное (это не точно)",
            "action_flag": 3,
            "change_message": ""
        }
    },
    {
        "model": "admin.logentry",
        "pk": 215,
        "fields": {
            "action_time": "2024-01-27T20:32:51.901Z",
            "user": 1,
            "content_type": 3,
            "object_id": "157",
            "object_repr": "Нечто съедобное (это не точно)",
            "action_flag": 3,
            "change_message": ""
        }
    },
    {
        "model": "admin.logentry",
        "pk": 216,
        "fields": {
            "action_time": "2024-01-27T20:32:51.912Z",
            "user": 1,
            "content_type": 3,
            "object_id": "156",
            "object_repr": "Нечто съедобное (это не точно)",
            "action_flag": 3,
            "change_message": ""
        }
    },
    {
        "model": "admin.logentry",
        "pk": 217,
        "fields": {
            "action_time": "2024-01-27T20:32:51.923Z",
            "user": 1,
            "content_type": 3,
            "object_id": "155",
            "object_repr": "Нечто съедобное (это не точно)",
            "action_flag": 3,
            "change_message": ""
        }
    },
    {
        "model": "admin.logentry",
        "pk": 218,
        "fields": {
            "action_time": "2024-01-27T20:32:51.934Z",
            "user": 1,
            "content_type": 3,
            "object_id": "154",
            "object_repr": "Нечто съедобное (это не точно)",
            "action_flag": 3,
            "change_message": ""
        }
    },
    {
        "model": "admin.logentry",
        "pk": 219,
        "fields": {
            "action_time": "2024-01-27T20:32:51.944Z",
            "user": 1,
            "content_type": 3,
            "object_id": "153",
            "object_repr": "Нечто съедобное (это не точно)",
            "action_flag": 3,
            "change_message": ""
        }
    },
    {
        "model": "admin.logentry",
        "pk": 220,
        "fields": {
            "action_time": "2024-01-27T20:32:51.955Z",
            "user": 1,
            "content_type": 3,
            "object_id": "152",
            "object_repr": "Нечто съедобное (это не точно)",
            "action_flag": 3,
            "change_message": ""
        }
    },
    {
        "model": "admin.logentry",
        "pk": 221,
        "fields": {
            "action_time": "2024-01-27T20:32:51.966Z",
            "user": 1,
            "content_type": 3,
            "object_id": "151",
            "object_repr": "Нечто съедобное (это не точно)",
            "action_flag": 3,
            "change_message": ""
        }
    },
    {
        "model": "admin.logentry",
        "pk": 222,
        "fields": {
            "action_time": "2024-01-27T20:33:28.080Z",
            "user": 1,
            "content_type": 3,
            "object_id": "163",
            "object_repr": "Нечто съедобное (это не точно)",
            "action_flag": 3,
            "change_message": ""
        }
    },
    {
        "model": "admin.logentry",
        "pk": 223,
        "fields": {
            "action_time": "2024-01-28T10:50:07.940Z",
            "user": 1,
            "content_type": 3,
            "object_id": "173",
            "object_repr": "Нечто съедобное (это не точно)",
            "action_flag": 3,
            "change_message": ""
        }
    },
    {
        "model": "admin.logentry",
        "pk": 224,
        "fields": {
            "action_time": "2024-01-28T10:50:07.959Z",
            "user": 1,
            "content_type": 3,
            "object_id": "172",
            "object_repr": "Нечто съедобное (это не точно)",
            "action_flag": 3,
            "change_message": ""
        }
    },
    {
        "model": "admin.logentry",
        "pk": 225,
        "fields": {
            "action_time": "2024-01-28T10:50:07.969Z",
            "user": 1,
            "content_type": 3,
            "object_id": "171",
            "object_repr": "Нечто съедобное (это не точно)",
            "action_flag": 3,
            "change_message": ""
        }
    },
    {
        "model": "admin.logentry",
        "pk": 226,
        "fields": {
            "action_time": "2024-01-28T10:50:07.980Z",
            "user": 1,
            "content_type": 3,
            "object_id": "170",
            "object_repr": "Нечто съедобное (это не точно)",
            "action_flag": 3,
            "change_message": ""
        }
    },
    {
        "model": "admin.logentry",
        "pk": 227,
        "fields": {
            "action_time": "2024-01-28T10:50:07.991Z",
            "user": 1,
            "content_type": 3,
            "object_id": "169",
            "object_repr": "Нечто съедобное (это не точно)",
            "action_flag": 3,
            "change_message": ""
        }
    },
    {
        "model": "admin.logentry",
        "pk": 228,
        "fields": {
            "action_time": "2024-01-28T10:50:08.002Z",
            "user": 1,
            "content_type": 3,
            "object_id": "168",
            "object_repr": "Нечто съедобное (это не точно)",
            "action_flag": 3,
            "change_message": ""
        }
    },
    {
        "model": "admin.logentry",
        "pk": 229,
        "fields": {
            "action_time": "2024-01-28T10:50:08.013Z",
            "user": 1,
            "content_type": 3,
            "object_id": "167",
            "object_repr": "Нечто съедобное (это не точно)",
            "action_flag": 3,
            "change_message": ""
        }
    },
    {
        "model": "admin.logentry",
        "pk": 230,
        "fields": {
            "action_time": "2024-01-28T10:50:08.023Z",
            "user": 1,
            "content_type": 3,
            "object_id": "166",
            "object_repr": "Нечто съедобное (это не точно)",
            "action_flag": 3,
            "change_message": ""
        }
    },
    {
        "model": "admin.logentry",
        "pk": 231,
        "fields": {
            "action_time": "2024-01-28T10:50:08.033Z",
            "user": 1,
            "content_type": 3,
            "object_id": "165",
            "object_repr": "Нечто съедобное (это не точно)",
            "action_flag": 3,
            "change_message": ""
        }
    },
    {
        "model": "admin.logentry",
        "pk": 232,
        "fields": {
            "action_time": "2024-01-28T10:50:08.043Z",
            "user": 1,
            "content_type": 3,
            "object_id": "164",
            "object_repr": "Нечто съедобное (это не точно)",
            "action_flag": 3,
            "change_message": ""
        }
    },
    {
        "model": "admin.logentry",
        "pk": 233,
        "fields": {
            "action_time": "2024-01-28T10:55:59.940Z",
            "user": 1,
            "content_type": 3,
            "object_id": "176",
            "object_repr": "Нечто съедобное (это не точно)",
            "action_flag": 3,
            "change_message": ""
        }
    },
    {
        "model": "admin.logentry",
        "pk": 234,
        "fields": {
            "action_time": "2024-01-28T10:56:05.048Z",
            "user": 1,
            "content_type": 3,
            "object_id": "175",
            "object_repr": "Нечто съедобное (это не точно)",
            "action_flag": 3,
            "change_message": ""
        }
    },
    {
        "model": "admin.logentry",
        "pk": 235,
        "fields": {
            "action_time": "2024-01-28T10:56:10.406Z",
            "user": 1,
            "content_type": 3,
            "object_id": "174",
            "object_repr": "Нечто съедобное (это не точно)",
            "action_flag": 3,
            "change_message": ""
        }
    },
    {
        "model": "admin.logentry",
        "pk": 236,
        "fields": {
            "action_time": "2024-01-28T11:18:39.599Z",
            "user": 1,
            "content_type": 3,
            "object_id": "188",
            "object_repr": "Нечто съедобное (это не точно)",
            "action_flag": 3,
            "change_message": ""
        }
    },
    {
        "model": "admin.logentry",
        "pk": 237,
        "fields": {
            "action_time": "2024-01-28T11:18:39.609Z",
            "user": 1,
            "content_type": 3,
            "object_id": "187",
            "object_repr": "Нечто съедобное (это не точно)",
            "action_flag": 3,
            "change_message": ""
        }
    },
    {
        "model": "admin.logentry",
        "pk": 238,
        "fields": {
            "action_time": "2024-01-28T11:18:39.619Z",
            "user": 1,
            "content_type": 3,
            "object_id": "186",
            "object_repr": "Нечто съедобное (это не точно)",
            "action_flag": 3,
            "change_message": ""
        }
    },
    {
        "model": "admin.logentry",
        "pk": 239,
        "fields": {
            "action_time": "2024-01-28T11:18:39.630Z",
            "user": 1,
            "content_type": 3,
            "object_id": "185",
            "object_repr": "Нечто съедобное (это не точно)",
            "action_flag": 3,
            "change_message": ""
        }
    },
    {
        "model": "admin.logentry",
        "pk": 240,
        "fields": {
            "action_time": "2024-01-28T11:18:39.641Z",
            "user": 1,
            "content_type": 3,
            "object_id": "184",
            "object_repr": "Нечто съедобное (это не точно)",
            "action_flag": 3,
            "change_message": ""
        }
    },
    {
        "model": "admin.logentry",
        "pk": 241,
        "fields": {
            "action_time": "2024-01-28T11:18:39.652Z",
            "user": 1,
            "content_type": 3,
            "object_id": "183",
            "object_repr": "Нечто съедобное (это не точно)",
            "action_flag": 3,
            "change_message": ""
        }
    },
    {
        "model": "admin.logentry",
        "pk": 242,
        "fields": {
            "action_time": "2024-01-28T11:18:39.662Z",
            "user": 1,
            "content_type": 3,
            "object_id": "182",
            "object_repr": "Нечто съедобное (это не точно)",
            "action_flag": 3,
            "change_message": ""
        }
    },
    {
        "model": "admin.logentry",
        "pk": 243,
        "fields": {
            "action_time": "2024-01-28T11:18:39.673Z",
            "user": 1,
            "content_type": 3,
            "object_id": "181",
            "object_repr": "Нечто съедобное (это не точно)",
            "action_flag": 3,
            "change_message": ""
        }
    },
    {
        "model": "admin.logentry",
        "pk": 244,
        "fields": {
            "action_time": "2024-01-28T11:18:39.684Z",
            "user": 1,
            "content_type": 3,
            "object_id": "180",
            "object_repr": "Нечто съедобное (это не точно)",
            "action_flag": 3,
            "change_message": ""
        }
    },
    {
        "model": "admin.logentry",
        "pk": 245,
        "fields": {
            "action_time": "2024-01-28T11:18:39.695Z",
            "user": 1,
            "content_type": 3,
            "object_id": "179",
            "object_repr": "Нечто съедобное (это не точно)",
            "action_flag": 3,
            "change_message": ""
        }
    },
    {
        "model": "admin.logentry",
        "pk": 246,
        "fields": {
            "action_time": "2024-01-28T11:18:39.707Z",
            "user": 1,
            "content_type": 3,
            "object_id": "178",
            "object_repr": "Нечто съедобное (это не точно)",
            "action_flag": 3,
            "change_message": ""
        }
    },
    {
        "model": "admin.logentry",
        "pk": 247,
        "fields": {
            "action_time": "2024-01-28T11:18:39.717Z",
            "user": 1,
            "content_type": 3,
            "object_id": "177",
            "object_repr": "Нечто съедобное (это не точно)",
            "action_flag": 3,
            "change_message": ""
        }
    },
    {
        "model": "admin.logentry",
        "pk": 248,
        "fields": {
            "action_time": "2024-01-28T12:26:32.411Z",
            "user": 1,
            "content_type": 3,
            "object_id": "200",
            "object_repr": "Некорректное количество ингредиента",
            "action_flag": 3,
            "change_message": ""
        }
    },
    {
        "model": "admin.logentry",
        "pk": 249,
        "fields": {
            "action_time": "2024-01-28T12:26:32.438Z",
            "user": 1,
            "content_type": 3,
            "object_id": "199",
            "object_repr": "Нечто съедобное (это не точно)",
            "action_flag": 3,
            "change_message": ""
        }
    },
    {
        "model": "admin.logentry",
        "pk": 250,
        "fields": {
            "action_time": "2024-01-28T12:26:32.457Z",
            "user": 1,
            "content_type": 3,
            "object_id": "198",
            "object_repr": "Нечто съедобное (это не точно)",
            "action_flag": 3,
            "change_message": ""
        }
    },
    {
        "model": "admin.logentry",
        "pk": 251,
        "fields": {
            "action_time": "2024-01-28T12:26:32.467Z",
            "user": 1,
            "content_type": 3,
            "object_id": "197",
            "object_repr": "Нечто съедобное (это не точно)",
            "action_flag": 3,
            "change_message": ""
        }
    },
    {
        "model": "admin.logentry",
        "pk": 252,
        "fields": {
            "action_time": "2024-01-28T12:26:32.481Z",
            "user": 1,
            "content_type": 3,
            "object_id": "196",
            "object_repr": "Нечто съедобное (это не точно)",
            "action_flag": 3,
            "change_message": ""
        }
    },
    {
        "model": "admin.logentry",
        "pk": 253,
        "fields": {
            "action_time": "2024-01-28T12:26:32.491Z",
            "user": 1,
            "content_type": 3,
            "object_id": "195",
            "object_repr": "Нечто съедобное (это не точно)",
            "action_flag": 3,
            "change_message": ""
        }
    },
    {
        "model": "admin.logentry",
        "pk": 254,
        "fields": {
            "action_time": "2024-01-28T13:27:08.546Z",
            "user": 1,
            "content_type": 3,
            "object_id": "215",
            "object_repr": "Нечто съедобное (это не точно)",
            "action_flag": 3,
            "change_message": ""
        }
    },
    {
        "model": "admin.logentry",
        "pk": 255,
        "fields": {
            "action_time": "2024-01-28T13:27:08.565Z",
            "user": 1,
            "content_type": 3,
            "object_id": "214",
            "object_repr": "Очень быстрый рецепт",
            "action_flag": 3,
            "change_message": ""
        }
    },
    {
        "model": "admin.logentry",
        "pk": 256,
        "fields": {
            "action_time": "2024-01-28T13:27:08.585Z",
            "user": 1,
            "content_type": 3,
            "object_id": "213",
            "object_repr": "Старинный рецепт, передаваемый из поколения в поко",
            "action_flag": 3,
            "change_message": ""
        }
    },
    {
        "model": "admin.logentry",
        "pk": 257,
        "fields": {
            "action_time": "2024-01-28T13:27:08.596Z",
            "user": 1,
            "content_type": 3,
            "object_id": "212",
            "object_repr": "Старинный рецепт, передаваемый из поколения в поко",
            "action_flag": 3,
            "change_message": ""
        }
    },
    {
        "model": "admin.logentry",
        "pk": 258,
        "fields": {
            "action_time": "2024-01-28T13:27:08.607Z",
            "user": 1,
            "content_type": 3,
            "object_id": "211",
            "object_repr": "Старинный рецепт, передаваемый из поколения в поко",
            "action_flag": 3,
            "change_message": ""
        }
    },
    {
        "model": "admin.logentry",
        "pk": 259,
        "fields": {
            "action_time": "2024-01-28T13:27:08.618Z",
            "user": 1,
            "content_type": 3,
            "object_id": "210",
            "object_repr": "Старинный рецепт, передаваемый из поколения в поко",
            "action_flag": 3,
            "change_message": ""
        }
    },
    {
        "model": "admin.logentry",
        "pk": 260,
        "fields": {
            "action_time": "2024-01-28T13:27:08.629Z",
            "user": 1,
            "content_type": 3,
            "object_id": "209",
            "object_repr": "Старинный рецепт, передаваемый из поколения в поко",
            "action_flag": 3,
            "change_message": ""
        }
    },
    {
        "model": "admin.logentry",
        "pk": 261,
        "fields": {
            "action_time": "2024-01-28T13:27:08.640Z",
            "user": 1,
            "content_type": 3,
            "object_id": "208",
            "object_repr": "Надеюсь, это еда",
            "action_flag": 3,
            "change_message": ""
        }
    },
    {
        "model": "admin.logentry",
        "pk": 262,
        "fields": {
            "action_time": "2024-01-28T13:27:08.651Z",
            "user": 1,
            "content_type": 3,
            "object_id": "207",
            "object_repr": "Повторяющиеся теги",
            "action_flag": 3,
            "change_message": ""
        }
    },
    {
        "model": "admin.logentry",
        "pk": 263,
        "fields": {
            "action_time": "2024-01-28T13:27:08.662Z",
            "user": 1,
            "content_type": 3,
            "object_id": "206",
            "object_repr": "Повторяющиеся теги",
            "action_flag": 3,
            "change_message": ""
        }
    },
    {
        "model": "admin.logentry",
        "pk": 264,
        "fields": {
            "action_time": "2024-01-28T13:27:08.673Z",
            "user": 1,
            "content_type": 3,
            "object_id": "205",
            "object_repr": "Повторяющиеся ингредиенты",
            "action_flag": 3,
            "change_message": ""
        }
    },
    {
        "model": "admin.logentry",
        "pk": 265,
        "fields": {
            "action_time": "2024-01-28T13:27:08.683Z",
            "user": 1,
            "content_type": 3,
            "object_id": "204",
            "object_repr": "Нечто съедобное (это не точно)",
            "action_flag": 3,
            "change_message": ""
        }
    },
    {
        "model": "admin.logentry",
        "pk": 266,
        "fields": {
            "action_time": "2024-01-28T13:27:08.694Z",
            "user": 1,
            "content_type": 3,
            "object_id": "203",
            "object_repr": "Нечто съедобное (это не точно)",
            "action_flag": 3,
            "change_message": ""
        }
    },
    {
        "model": "admin.logentry",
        "pk": 267,
        "fields": {
            "action_time": "2024-01-28T13:27:08.705Z",
            "user": 1,
            "content_type": 3,
            "object_id": "202",
            "object_repr": "Некорректное количество ингредиента",
            "action_flag": 3,
            "change_message": ""
        }
    },
    {
        "model": "admin.logentry",
        "pk": 268,
        "fields": {
            "action_time": "2024-01-28T13:27:08.716Z",
            "user": 1,
            "content_type": 3,
            "object_id": "201",
            "object_repr": "Некорректное количество ингредиента",
            "action_flag": 3,
            "change_message": ""
        }
    },
    {
        "model": "admin.logentry",
        "pk": 269,
        "fields": {
            "action_time": "2024-01-28T13:27:08.727Z",
            "user": 1,
            "content_type": 3,
            "object_id": "194",
            "object_repr": "Неправильный рецепт",
            "action_flag": 3,
            "change_message": ""
        }
    },
    {
        "model": "admin.logentry",
        "pk": 270,
        "fields": {
            "action_time": "2024-01-31T13:28:36.928Z",
            "user": 1,
            "content_type": 9,
            "object_id": "6",
            "object_repr": "abcabcdefgh",
            "action_flag": 3,
            "change_message": ""
        }
    },
    {
        "model": "admin.logentry",
        "pk": 271,
        "fields": {
            "action_time": "2024-01-31T13:28:36.938Z",
            "user": 1,
            "content_type": 9,
            "object_id": "4",
            "object_repr": "second-user",
            "action_flag": 3,
            "change_message": ""
        }
    },
    {
        "model": "admin.logentry",
        "pk": 272,
        "fields": {
            "action_time": "2024-01-31T13:28:36.948Z",
            "user": 1,
            "content_type": 9,
            "object_id": "5",
            "object_repr": "third-user-username",
            "action_flag": 3,
            "change_message": ""
        }
    },
    {
        "model": "admin.logentry",
        "pk": 273,
        "fields": {
            "action_time": "2024-01-31T13:28:36.959Z",
            "user": 1,
            "content_type": 9,
            "object_id": "2",
            "object_repr": "user1",
            "action_flag": 3,
            "change_message": ""
        }
    },
    {
        "model": "admin.logentry",
        "pk": 274,
        "fields": {
            "action_time": "2024-01-31T13:28:36.970Z",
            "user": 1,
            "content_type": 9,
            "object_id": "3",
            "object_repr": "vasya.pupkin",
            "action_flag": 3,
            "change_message": ""
        }
    },
    {
        "model": "admin.logentry",
        "pk": 275,
        "fields": {
            "action_time": "2024-01-31T13:32:07.337Z",
            "user": 1,
            "content_type": 3,
            "object_id": "225",
            "object_repr": "Еда без дополнительной обработки",
            "action_flag": 2,
            "change_message": "[{\"changed\": {\"fields\": [\"\\u0410\\u0432\\u0442\\u043e\\u0440\"]}}]"
        }
    },
    {
        "model": "admin.logentry",
        "pk": 276,
        "fields": {
            "action_time": "2024-01-31T13:32:17.716Z",
            "user": 1,
            "content_type": 3,
            "object_id": "224",
            "object_repr": "Еще одна попытка приготовить еду",
            "action_flag": 2,
            "change_message": "[{\"changed\": {\"fields\": [\"\\u0410\\u0432\\u0442\\u043e\\u0440\"]}}]"
        }
    },
    {
        "model": "admin.logentry",
        "pk": 277,
        "fields": {
            "action_time": "2024-01-31T13:32:35.021Z",
            "user": 1,
            "content_type": 3,
            "object_id": "226",
            "object_repr": "Нечто жареное",
            "action_flag": 2,
            "change_message": "[{\"changed\": {\"fields\": [\"\\u0410\\u0432\\u0442\\u043e\\u0440\"]}}]"
        }
    },
    {
        "model": "admin.logentry",
        "pk": 278,
        "fields": {
            "action_time": "2024-01-31T13:32:54.711Z",
            "user": 1,
            "content_type": 5,
            "object_id": "12",
            "object_repr": "ShoppingCart object (12)",
            "action_flag": 1,
            "change_message": "[{\"added\": {}}]"
        }
    },
    {
        "model": "admin.logentry",
        "pk": 279,
        "fields": {
            "action_time": "2024-01-31T13:33:04.091Z",
            "user": 1,
            "content_type": 5,
            "object_id": "13",
            "object_repr": "ShoppingCart object (13)",
            "action_flag": 1,
            "change_message": "[{\"added\": {}}]"
        }
    },
    {
        "model": "admin.logentry",
        "pk": 280,
        "fields": {
            "action_time": "2024-01-31T13:33:11.576Z",
            "user": 1,
            "content_type": 5,
            "object_id": "14",
            "object_repr": "ShoppingCart object (14)",
            "action_flag": 1,
            "change_message": "[{\"added\": {}}]"
        }
    },
    {
        "model": "admin.logentry",
        "pk": 281,
        "fields": {
            "action_time": "2024-01-31T17:10:33.912Z",
            "user": 1,
            "content_type": 4,
            "object_id": "4",
            "object_repr": "Ужин",
            "action_flag": 1,
            "change_message": "[{\"added\": {}}]"
        }
    },
    {
        "model": "admin.logentry",
        "pk": 282,
        "fields": {
            "action_time": "2024-01-31T17:12:01.038Z",
            "user": 1,
            "content_type": 9,
            "object_id": "9",
            "object_repr": "3-user-username",
            "action_flag": 2,
            "change_message": "[{\"changed\": {\"fields\": [\"Username\"]}}]"
        }
    },
    {
        "model": "admin.logentry",
        "pk": 283,
        "fields": {
            "action_time": "2024-01-31T17:12:16.572Z",
            "user": 1,
            "content_type": 9,
            "object_id": "9",
            "object_repr": "alpha",
            "action_flag": 2,
            "change_message": "[{\"changed\": {\"fields\": [\"Username\"]}}]"
        }
    },
    {
        "model": "auth.permission",
        "pk": 1,
        "fields": {
            "name": "Can add ('ингредиент',)",
            "content_type": 1,
            "codename": "add_ingredient"
        }
    },
    {
        "model": "auth.permission",
        "pk": 2,
        "fields": {
            "name": "Can change ('ингредиент',)",
            "content_type": 1,
            "codename": "change_ingredient"
        }
    },
    {
        "model": "auth.permission",
        "pk": 3,
        "fields": {
            "name": "Can delete ('ингредиент',)",
            "content_type": 1,
            "codename": "delete_ingredient"
        }
    },
    {
        "model": "auth.permission",
        "pk": 4,
        "fields": {
            "name": "Can view ('ингредиент',)",
            "content_type": 1,
            "codename": "view_ingredient"
        }
    },
    {
        "model": "auth.permission",
        "pk": 5,
        "fields": {
            "name": "Can add ('ед. измерения',)",
            "content_type": 2,
            "codename": "add_measurementunit"
        }
    },
    {
        "model": "auth.permission",
        "pk": 6,
        "fields": {
            "name": "Can change ('ед. измерения',)",
            "content_type": 2,
            "codename": "change_measurementunit"
        }
    },
    {
        "model": "auth.permission",
        "pk": 7,
        "fields": {
            "name": "Can delete ('ед. измерения',)",
            "content_type": 2,
            "codename": "delete_measurementunit"
        }
    },
    {
        "model": "auth.permission",
        "pk": 8,
        "fields": {
            "name": "Can view ('ед. измерения',)",
            "content_type": 2,
            "codename": "view_measurementunit"
        }
    },
    {
        "model": "auth.permission",
        "pk": 9,
        "fields": {
            "name": "Can add ('рецепт',)",
            "content_type": 3,
            "codename": "add_recipe"
        }
    },
    {
        "model": "auth.permission",
        "pk": 10,
        "fields": {
            "name": "Can change ('рецепт',)",
            "content_type": 3,
            "codename": "change_recipe"
        }
    },
    {
        "model": "auth.permission",
        "pk": 11,
        "fields": {
            "name": "Can delete ('рецепт',)",
            "content_type": 3,
            "codename": "delete_recipe"
        }
    },
    {
        "model": "auth.permission",
        "pk": 12,
        "fields": {
            "name": "Can view ('рецепт',)",
            "content_type": 3,
            "codename": "view_recipe"
        }
    },
    {
        "model": "auth.permission",
        "pk": 13,
        "fields": {
            "name": "Can add тег",
            "content_type": 4,
            "codename": "add_tag"
        }
    },
    {
        "model": "auth.permission",
        "pk": 14,
        "fields": {
            "name": "Can change тег",
            "content_type": 4,
            "codename": "change_tag"
        }
    },
    {
        "model": "auth.permission",
        "pk": 15,
        "fields": {
            "name": "Can delete тег",
            "content_type": 4,
            "codename": "delete_tag"
        }
    },
    {
        "model": "auth.permission",
        "pk": 16,
        "fields": {
            "name": "Can view тег",
            "content_type": 4,
            "codename": "view_tag"
        }
    },
    {
        "model": "auth.permission",
        "pk": 17,
        "fields": {
            "name": "Can add ('список покупок',)",
            "content_type": 5,
            "codename": "add_shoppinglist"
        }
    },
    {
        "model": "auth.permission",
        "pk": 18,
        "fields": {
            "name": "Can change ('список покупок',)",
            "content_type": 5,
            "codename": "change_shoppinglist"
        }
    },
    {
        "model": "auth.permission",
        "pk": 19,
        "fields": {
            "name": "Can delete ('список покупок',)",
            "content_type": 5,
            "codename": "delete_shoppinglist"
        }
    },
    {
        "model": "auth.permission",
        "pk": 20,
        "fields": {
            "name": "Can view ('список покупок',)",
            "content_type": 5,
            "codename": "view_shoppinglist"
        }
    },
    {
        "model": "auth.permission",
        "pk": 21,
        "fields": {
            "name": "Can add recipe tag",
            "content_type": 6,
            "codename": "add_recipetag"
        }
    },
    {
        "model": "auth.permission",
        "pk": 22,
        "fields": {
            "name": "Can change recipe tag",
            "content_type": 6,
            "codename": "change_recipetag"
        }
    },
    {
        "model": "auth.permission",
        "pk": 23,
        "fields": {
            "name": "Can delete recipe tag",
            "content_type": 6,
            "codename": "delete_recipetag"
        }
    },
    {
        "model": "auth.permission",
        "pk": 24,
        "fields": {
            "name": "Can view recipe tag",
            "content_type": 6,
            "codename": "view_recipetag"
        }
    },
    {
        "model": "auth.permission",
        "pk": 25,
        "fields": {
            "name": "Can add recipe ingredient",
            "content_type": 7,
            "codename": "add_recipeingredient"
        }
    },
    {
        "model": "auth.permission",
        "pk": 26,
        "fields": {
            "name": "Can change recipe ingredient",
            "content_type": 7,
            "codename": "change_recipeingredient"
        }
    },
    {
        "model": "auth.permission",
        "pk": 27,
        "fields": {
            "name": "Can delete recipe ingredient",
            "content_type": 7,
            "codename": "delete_recipeingredient"
        }
    },
    {
        "model": "auth.permission",
        "pk": 28,
        "fields": {
            "name": "Can view recipe ingredient",
            "content_type": 7,
            "codename": "view_recipeingredient"
        }
    },
    {
        "model": "auth.permission",
        "pk": 29,
        "fields": {
            "name": "Can add ('избранное',)",
            "content_type": 8,
            "codename": "add_favorites"
        }
    },
    {
        "model": "auth.permission",
        "pk": 30,
        "fields": {
            "name": "Can change ('избранное',)",
            "content_type": 8,
            "codename": "change_favorites"
        }
    },
    {
        "model": "auth.permission",
        "pk": 31,
        "fields": {
            "name": "Can delete ('избранное',)",
            "content_type": 8,
            "codename": "delete_favorites"
        }
    },
    {
        "model": "auth.permission",
        "pk": 32,
        "fields": {
            "name": "Can view ('избранное',)",
            "content_type": 8,
            "codename": "view_favorites"
        }
    },
    {
        "model": "auth.permission",
        "pk": 33,
        "fields": {
            "name": "Can add пользователь",
            "content_type": 9,
            "codename": "add_user"
        }
    },
    {
        "model": "auth.permission",
        "pk": 34,
        "fields": {
            "name": "Can change пользователь",
            "content_type": 9,
            "codename": "change_user"
        }
    },
    {
        "model": "auth.permission",
        "pk": 35,
        "fields": {
            "name": "Can delete пользователь",
            "content_type": 9,
            "codename": "delete_user"
        }
    },
    {
        "model": "auth.permission",
        "pk": 36,
        "fields": {
            "name": "Can view пользователь",
            "content_type": 9,
            "codename": "view_user"
        }
    },
    {
        "model": "auth.permission",
        "pk": 37,
        "fields": {
            "name": "Can add подписка",
            "content_type": 10,
            "codename": "add_subscription"
        }
    },
    {
        "model": "auth.permission",
        "pk": 38,
        "fields": {
            "name": "Can change подписка",
            "content_type": 10,
            "codename": "change_subscription"
        }
    },
    {
        "model": "auth.permission",
        "pk": 39,
        "fields": {
            "name": "Can delete подписка",
            "content_type": 10,
            "codename": "delete_subscription"
        }
    },
    {
        "model": "auth.permission",
        "pk": 40,
        "fields": {
            "name": "Can view подписка",
            "content_type": 10,
            "codename": "view_subscription"
        }
    },
    {
        "model": "auth.permission",
        "pk": 41,
        "fields": {
            "name": "Can add log entry",
            "content_type": 11,
            "codename": "add_logentry"
        }
    },
    {
        "model": "auth.permission",
        "pk": 42,
        "fields": {
            "name": "Can change log entry",
            "content_type": 11,
            "codename": "change_logentry"
        }
    },
    {
        "model": "auth.permission",
        "pk": 43,
        "fields": {
            "name": "Can delete log entry",
            "content_type": 11,
            "codename": "delete_logentry"
        }
    },
    {
        "model": "auth.permission",
        "pk": 44,
        "fields": {
            "name": "Can view log entry",
            "content_type": 11,
            "codename": "view_logentry"
        }
    },
    {
        "model": "auth.permission",
        "pk": 45,
        "fields": {
            "name": "Can add permission",
            "content_type": 12,
            "codename": "add_permission"
        }
    },
    {
        "model": "auth.permission",
        "pk": 46,
        "fields": {
            "name": "Can change permission",
            "content_type": 12,
            "codename": "change_permission"
        }
    },
    {
        "model": "auth.permission",
        "pk": 47,
        "fields": {
            "name": "Can delete permission",
            "content_type": 12,
            "codename": "delete_permission"
        }
    },
    {
        "model": "auth.permission",
        "pk": 48,
        "fields": {
            "name": "Can view permission",
            "content_type": 12,
            "codename": "view_permission"
        }
    },
    {
        "model": "auth.permission",
        "pk": 49,
        "fields": {
            "name": "Can add group",
            "content_type": 13,
            "codename": "add_group"
        }
    },
    {
        "model": "auth.permission",
        "pk": 50,
        "fields": {
            "name": "Can change group",
            "content_type": 13,
            "codename": "change_group"
        }
    },
    {
        "model": "auth.permission",
        "pk": 51,
        "fields": {
            "name": "Can delete group",
            "content_type": 13,
            "codename": "delete_group"
        }
    },
    {
        "model": "auth.permission",
        "pk": 52,
        "fields": {
            "name": "Can view group",
            "content_type": 13,
            "codename": "view_group"
        }
    },
    {
        "model": "auth.permission",
        "pk": 53,
        "fields": {
            "name": "Can add content type",
            "content_type": 14,
            "codename": "add_contenttype"
        }
    },
    {
        "model": "auth.permission",
        "pk": 54,
        "fields": {
            "name": "Can change content type",
            "content_type": 14,
            "codename": "change_contenttype"
        }
    },
    {
        "model": "auth.permission",
        "pk": 55,
        "fields": {
            "name": "Can delete content type",
            "content_type": 14,
            "codename": "delete_contenttype"
        }
    },
    {
        "model": "auth.permission",
        "pk": 56,
        "fields": {
            "name": "Can view content type",
            "content_type": 14,
            "codename": "view_contenttype"
        }
    },
    {
        "model": "auth.permission",
        "pk": 57,
        "fields": {
            "name": "Can add session",
            "content_type": 15,
            "codename": "add_session"
        }
    },
    {
        "model": "auth.permission",
        "pk": 58,
        "fields": {
            "name": "Can change session",
            "content_type": 15,
            "codename": "change_session"
        }
    },
    {
        "model": "auth.permission",
        "pk": 59,
        "fields": {
            "name": "Can delete session",
            "content_type": 15,
            "codename": "delete_session"
        }
    },
    {
        "model": "auth.permission",
        "pk": 60,
        "fields": {
            "name": "Can view session",
            "content_type": 15,
            "codename": "view_session"
        }
    },
    {
        "model": "auth.permission",
        "pk": 61,
        "fields": {
            "name": "Can add Token",
            "content_type": 16,
            "codename": "add_token"
        }
    },
    {
        "model": "auth.permission",
        "pk": 62,
        "fields": {
            "name": "Can change Token",
            "content_type": 16,
            "codename": "change_token"
        }
    },
    {
        "model": "auth.permission",
        "pk": 63,
        "fields": {
            "name": "Can delete Token",
            "content_type": 16,
            "codename": "delete_token"
        }
    },
    {
        "model": "auth.permission",
        "pk": 64,
        "fields": {
            "name": "Can view Token",
            "content_type": 16,
            "codename": "view_token"
        }
    },
    {
        "model": "auth.permission",
        "pk": 65,
        "fields": {
            "name": "Can add token",
            "content_type": 17,
            "codename": "add_tokenproxy"
        }
    },
    {
        "model": "auth.permission",
        "pk": 66,
        "fields": {
            "name": "Can change token",
            "content_type": 17,
            "codename": "change_tokenproxy"
        }
    },
    {
        "model": "auth.permission",
        "pk": 67,
        "fields": {
            "name": "Can delete token",
            "content_type": 17,
            "codename": "delete_tokenproxy"
        }
    },
    {
        "model": "auth.permission",
        "pk": 68,
        "fields": {
            "name": "Can view token",
            "content_type": 17,
            "codename": "view_tokenproxy"
        }
    },
    {
        "model": "auth.permission",
        "pk": 69,
        "fields": {
            "name": "Can add ('shopping list',)",
            "content_type": 5,
            "codename": "add_shoppingcart"
        }
    },
    {
        "model": "auth.permission",
        "pk": 70,
        "fields": {
            "name": "Can change ('shopping list',)",
            "content_type": 5,
            "codename": "change_shoppingcart"
        }
    },
    {
        "model": "auth.permission",
        "pk": 71,
        "fields": {
            "name": "Can delete ('shopping list',)",
            "content_type": 5,
            "codename": "delete_shoppingcart"
        }
    },
    {
        "model": "auth.permission",
        "pk": 72,
        "fields": {
            "name": "Can view ('shopping list',)",
            "content_type": 5,
            "codename": "view_shoppingcart"
        }
    },
    {
        "model": "contenttypes.contenttype",
        "pk": 1,
        "fields": {
            "app_label": "recipes",
            "model": "ingredient"
        }
    },
    {
        "model": "contenttypes.contenttype",
        "pk": 2,
        "fields": {
            "app_label": "recipes",
            "model": "measurementunit"
        }
    },
    {
        "model": "contenttypes.contenttype",
        "pk": 3,
        "fields": {
            "app_label": "recipes",
            "model": "recipe"
        }
    },
    {
        "model": "contenttypes.contenttype",
        "pk": 4,
        "fields": {
            "app_label": "recipes",
            "model": "tag"
        }
    },
    {
        "model": "contenttypes.contenttype",
        "pk": 5,
        "fields": {
            "app_label": "recipes",
            "model": "shoppingcart"
        }
    },
    {
        "model": "contenttypes.contenttype",
        "pk": 6,
        "fields": {
            "app_label": "recipes",
            "model": "recipetag"
        }
    },
    {
        "model": "contenttypes.contenttype",
        "pk": 7,
        "fields": {
            "app_label": "recipes",
            "model": "recipeingredient"
        }
    },
    {
        "model": "contenttypes.contenttype",
        "pk": 8,
        "fields": {
            "app_label": "recipes",
            "model": "favorites"
        }
    },
    {
        "model": "contenttypes.contenttype",
        "pk": 9,
        "fields": {
            "app_label": "users",
            "model": "user"
        }
    },
    {
        "model": "contenttypes.contenttype",
        "pk": 10,
        "fields": {
            "app_label": "users",
            "model": "subscription"
        }
    },
    {
        "model": "contenttypes.contenttype",
        "pk": 11,
        "fields": {
            "app_label": "admin",
            "model": "logentry"
        }
    },
    {
        "model": "contenttypes.contenttype",
        "pk": 12,
        "fields": {
            "app_label": "auth",
            "model": "permission"
        }
    },
    {
        "model": "contenttypes.contenttype",
        "pk": 13,
        "fields": {
            "app_label": "auth",
            "model": "group"
        }
    },
    {
        "model": "contenttypes.contenttype",
        "pk": 14,
        "fields": {
            "app_label": "contenttypes",
            "model": "contenttype"
        }
    },
    {
        "model": "contenttypes.contenttype",
        "pk": 15,
        "fields": {
            "app_label": "sessions",
            "model": "session"
        }
    },
    {
        "model": "contenttypes.contenttype",
        "pk": 16,
        "fields": {
            "app_label": "authtoken",
            "model": "token"
        }
    },
    {
        "model": "contenttypes.contenttype",
        "pk": 17,
        "fields": {
            "app_label": "authtoken",
            "model": "tokenproxy"
        }
    },
    {
        "model": "sessions.session",
        "pk": "a0xgedeka7xxl1mnr5ix0pqciunm8b7v",
        "fields": {
            "session_data": ".eJxVjEsOAiEQBe_C2pDm14hL956B0A3KqIFkmFkZ766TzEK3r6reS8S0LjWuo8xxyuIklDj8bpT4UdoG8j21W5fc2zJPJDdF7nTIS8_led7dv4OaRv3WBYMPip11yTsAJCTtlUdUoAmZQnbEqJ2lYKAwgAfPV2NC4XwMNov3B7fXNxY:1rVVEc:xoozJVaFa7WvLmQScSiQtIyoZDG4xASuLDPTlUoLB_k",
            "expire_date": "2024-02-15T11:27:58.814Z"
        }
    },
    {
        "model": "sessions.session",
        "pk": "mlobb605du5xpr8kumjp41p305c0u2ek",
        "fields": {
            "session_data": ".eJxVjEsOAiEQBe_C2pDm14hL956B0A3KqIFkmFkZ766TzEK3r6reS8S0LjWuo8xxyuIklDj8bpT4UdoG8j21W5fc2zJPJDdF7nTIS8_led7dv4OaRv3WBYMPip11yTsAJCTtlUdUoAmZQnbEqJ2lYKAwgAfPV2NC4XwMNov3B7fXNxY:1rTl7y:kT71FMeH1Fp3G8_PQaS01A21H4ZruukZHC-L94MPjtw",
            "expire_date": "2024-02-10T16:01:54.272Z"
        }
    },
    {
        "model": "sessions.session",
        "pk": "nrm9reezzdl7g2jablmrijrc52slavn4",
        "fields": {
            "session_data": ".eJxVjEsOAiEQBe_C2pDm14hL956B0A3KqIFkmFkZ766TzEK3r6reS8S0LjWuo8xxyuIklDj8bpT4UdoG8j21W5fc2zJPJDdF7nTIS8_led7dv4OaRv3WBYMPip11yTsAJCTtlUdUoAmZQnbEqJ2lYKAwgAfPV2NC4XwMNov3B7fXNxY:1rVAdF:l4rFrVAIwDZOvCBvL6NiEu9TtMnfHEJj89VaH4P8ZWE",
            "expire_date": "2024-02-14T13:28:01.016Z"
        }
    },
    {
        "model": "sessions.session",
        "pk": "vb6wmxiiuri5iahe4f4y9o6wi099pcom",
        "fields": {
            "session_data": ".eJxVjEsOAiEQBe_C2pDm14hL956B0A3KqIFkmFkZ766TzEK3r6reS8S0LjWuo8xxyuIklDj8bpT4UdoG8j21W5fc2zJPJDdF7nTIS8_led7dv4OaRv3WBYMPip11yTsAJCTtlUdUoAmZQnbEqJ2lYKAwgAfPV2NC4XwMNov3B7fXNxY:1rVWM3:U4pSzJDtMADwZaKoj-M-yamu5pXxVpszsr2OPqE3n_M",
            "expire_date": "2024-02-15T12:39:43.910Z"
        }
    },
    {
        "model": "sessions.session",
        "pk": "wkd7uuji8wev7z6qxrlr2cduo9noeamw",
        "fields": {
            "session_data": ".eJxVjEsOAiEQBe_C2pDm14hL956B0A3KqIFkmFkZ766TzEK3r6reS8S0LjWuo8xxyuIklDj8bpT4UdoG8j21W5fc2zJPJDdF7nTIS8_led7dv4OaRv3WBYMPip11yTsAJCTtlUdUoAmZQnbEqJ2lYKAwgAfPV2NC4XwMNov3B7fXNxY:1rRsKT:2ZCryYiTuBKjxNtytYB443vD9u9WCyDQqkByokv5Ir8",
            "expire_date": "2024-02-05T11:19:01.393Z"
        }
    },
    {
        "model": "authtoken.token",
        "pk": "8d2c6147eacaea20be791c91a42e805cc9cd3942",
        "fields": {
            "user": 1,
            "created": "2024-01-22T11:33:24.923Z"
        }
    },
    {
        "model": "authtoken.token",
        "pk": "a7ee0048114887d6ebde9e7c72d6d3aa50d48b69",
        "fields": {
            "user": 7,
            "created": "2024-02-01T11:26:35.171Z"
        }
    },
    {
        "model": "authtoken.token",
        "pk": "bc9412531a2a84a275711a91d56f48f3246af95a",
        "fields": {
            "user": 8,
            "created": "2024-01-31T13:30:16.668Z"
        }
    }
]